"Status","Start Time","Stop Time","Duration in ms","Parent Suite","Suite","Sub Suite","Test Class","Test Method","Name","Description"
"skipped","Fri Jun 05 11:56:51 UTC 2026","Fri Jun 05 11:56:51 UTC 2026","2","intelehealth Web App Regression Test Suite","Regression Functional Regression Test","com.intelehealth.tests.AppointmentPageTest","com.intelehealth.tests.AppointmentPageTest","IDA4_1787_Appointments","IDA4_1787_Appointments_Verify whether Appointment section is showing count within brackets","Verify whether Appointment section is showing count within brackets"
"passed","Fri Jun 05 10:31:01 UTC 2026","Fri Jun 05 10:31:15 UTC 2026","13523","intelehealth Web App Regression Test Suite","Regression Functional Regression Test","com.intelehealth.tests.HelpSupportLogoutTest","com.intelehealth.tests.HelpSupportLogoutTest","verifyCreateTicketWithNoData","Verify Create Ticket With No Data","Verify Create Ticket With No Data"
"broken","Fri Jun 05 10:07:17 UTC 2026","Fri Jun 05 10:07:53 UTC 2026","35556","intelehealth Web App Regression Test Suite","Regression Functional Regression Test","com.intelehealth.tests.FilterTest","com.intelehealth.tests.FilterTest","VerifyFilteringVisitsByRange","Verify Filtering Visits By Range","Verify Filtering Visits By Range"
"passed","Fri Jun 05 09:35:58 UTC 2026","Fri Jun 05 09:36:02 UTC 2026","4234","intelehealth Web App Regression Test Suite","Regression Functional Regression Test","com.intelehealth.tests.DashboardPageTest","com.intelehealth.tests.DashboardPageTest","IDA4_1574_Dashboard","IDA4_1574_Dashboard_Verify the count shown for Appointments/Priority visits/Awaiting visits and In-Progress visits in the box","Verify the count shown for Appointments/Priority visits/Awaiting visits and In-Progress visits in the box"
"broken","Fri Jun 05 12:13:15 UTC 2026","Fri Jun 05 12:13:36 UTC 2026","20296","intelehealth Web App Regression Test Suite","Regression Functional Regression Test","com.intelehealth.tests.CalendarPageTest","com.intelehealth.tests.CalendarPageTest","IDA4_1909_Calendar","IDA4_1909_Calendar_Verify that Prescription created message is displayed for completed follow-up visit ","Verify that Prescription created message is displayed for completed follow-up visit "
"broken","Fri Jun 05 10:40:24 UTC 2026","Fri Jun 05 10:41:00 UTC 2026","35899","intelehealth Web App Regression Test Suite","Regression Functional Regression Test","com.intelehealth.tests.MessagesPageTest","com.intelehealth.tests.MessagesPageTest","VerifySendingAnEmptyMessageIsNotAllowed","Verify Sending an Empty Message Is Not Allowed","Verify Sending an Empty Message Is Not Allowed"
"broken","Fri Jun 05 09:33:58 UTC 2026","Fri Jun 05 09:34:21 UTC 2026","23259","intelehealth Web App Regression Test Suite","Regression Functional Regression Test","com.intelehealth.tests.ChatPageTest","com.intelehealth.tests.ChatPageTest","IDA4_1830_Chat","IDA4_1830_Verify sending message in chat","Verify sending message in chat"
"broken","Fri Jun 05 10:39:36 UTC 2026","Fri Jun 05 10:40:10 UTC 2026","34067","intelehealth Web App Regression Test Suite","Regression Functional Regression Test","com.intelehealth.tests.MessagesPageTest","com.intelehealth.tests.MessagesPageTest","VerifySearchWithInvalidPatientName","Verify Search with Invalid Patient Name","Verify Search with Invalid Patient Name"
"passed","Fri Jun 05 10:57:57 UTC 2026","Fri Jun 05 11:03:29 UTC 2026","331911","intelehealth Web App Regression Test Suite","Regression Functional Regression Test","com.intelehealth.tests.AwaitPriortyInProgressTest","com.intelehealth.tests.AwaitPriortyInProgressTest","IDA4_1702_StartVisitNote","IDA4_1702_StartVisitNote_Verify Dashboard screen is displayed after Login","Verify Dashboard screen is displayed after Login"
"failed","Fri Jun 05 09:41:05 UTC 2026","Fri Jun 05 09:41:26 UTC 2026","21086","intelehealth Web App Regression Test Suite","Regression Functional Regression Test","com.intelehealth.tests.DashboardPageTest","com.intelehealth.tests.DashboardPageTest","IDA4_1585_Dashboard","IDA4_1585_Dashboard_Verify that user on clicking any of the priority visits navigates to visit summary page","Verify that user on clicking any of the priority visits navigates to visit summary page"
"broken","Fri Jun 05 12:44:08 UTC 2026","Fri Jun 05 12:45:02 UTC 2026","53469","intelehealth Web App Regression Test Suite","Regression Functional Regression Test","com.intelehealth.tests.CalendarPageTest","com.intelehealth.tests.CalendarPageTest","IDA4_1874_Calendar","IDA4_1874_Calendar_Verify clicking on calendar icon under days off section","Verify clicking on calendar icon under days off section"
"broken","Fri Jun 05 09:56:40 UTC 2026","Fri Jun 05 09:58:24 UTC 2026","104257","intelehealth Web App Regression Test Suite","Regression Functional Regression Test","com.intelehealth.tests.End2EndTest","com.intelehealth.tests.End2EndTest","IDA4_1680_End2End","IDA4_1680_End2End_Login, calendar, view calendar, followup, mark as day off/hourly off","Login, calendar, view calendar, followup, mark as day off/hourly off"
"broken","Fri Jun 05 13:02:19 UTC 2026","Fri Jun 05 13:02:38 UTC 2026","19227","intelehealth Web App Regression Test Suite","Regression Functional Regression Test","com.intelehealth.tests.ChangePasswordLanguageTest","com.intelehealth.tests.ChangePasswordLanguageTest","IDA4_1565_ChangePasswordLanguage","IDA4_1565_Verify Generate password link functionality","Verify Generate password link functionality"
"broken","Fri Jun 05 10:11:35 UTC 2026","Fri Jun 05 10:12:02 UTC 2026","26658","intelehealth Web App Regression Test Suite","Regression Functional Regression Test","com.intelehealth.tests.FilterTest","com.intelehealth.tests.FilterTest","verifyPopupClosesAfterApply","Verify Filter popup closes after Apply","Verify Filter popup closes after Apply"
"broken","Fri Jun 05 10:27:59 UTC 2026","Fri Jun 05 10:28:25 UTC 2026","26592","intelehealth Web App Regression Test Suite","Regression Functional Regression Test","com.intelehealth.tests.HelpSupportLogoutTest","com.intelehealth.tests.HelpSupportLogoutTest","verifyNoDataDisplayedForInvalidSearch","Verify No Data message is displayed when searching with invalid ticket value","Validates empty search result message when no tickets match the search criteria"
"broken","Fri Jun 05 10:30:06 UTC 2026","Fri Jun 05 10:30:48 UTC 2026","41817","intelehealth Web App Regression Test Suite","Regression Functional Regression Test","com.intelehealth.tests.HelpSupportLogoutTest","com.intelehealth.tests.HelpSupportLogoutTest","verifyCreateTicketModalAndTitle","Verify Create Ticket Modal And Title","Verify Create Ticket Modal And Title"
"broken","Fri Jun 05 09:32:39 UTC 2026","Fri Jun 05 09:33:12 UTC 2026","32719","intelehealth Web App Regression Test Suite","Regression Functional Regression Test","com.intelehealth.tests.ChatPageTest","com.intelehealth.tests.ChatPageTest","IDA4_1826_Chat","IDA4_1826_Verify chat option visibility","Verify chat option visibility"
"broken","Fri Jun 05 11:45:01 UTC 2026","Fri Jun 05 11:45:24 UTC 2026","23214","intelehealth Web App Regression Test Suite","Regression Functional Regression Test","com.intelehealth.tests.AwaitPriortyInProgressTest","com.intelehealth.tests.AwaitPriortyInProgressTest","IDA4_1758_StartVisitNote","IDA4_1758_StartVisitNote_Verify Referral facility and referral specialization drop down","Verify Referral facility and referral specialization drop down"
"broken","Fri Jun 05 10:03:39 UTC 2026","Fri Jun 05 10:05:35 UTC 2026","116174","intelehealth Web App Regression Test Suite","Regression Functional Regression Test","com.intelehealth.tests.End2EndTest","com.intelehealth.tests.End2EndTest","IDA4_1679_End2End","IDA4_1679_End2End_Login, calendar, setup calendar [manage calendar]","Login, calendar, setup calendar [manage calendar]"
"skipped","Fri Jun 05 09:48:46 UTC 2026","Fri Jun 05 09:49:59 UTC 2026","72950","intelehealth Web App Regression Test Suite","Regression Functional Regression Test","com.intelehealth.tests.End2EndTest","com.intelehealth.tests.End2EndTest","IDA4_1670_End2End","IDA4_1670_End2End_Login, appointment, visit summary, view prescription","Login, appointment, visit summary, view prescription"
"broken","Fri Jun 05 11:29:02 UTC 2026","Fri Jun 05 11:29:25 UTC 2026","23255","intelehealth Web App Regression Test Suite","Regression Functional Regression Test","com.intelehealth.tests.AwaitPriortyInProgressTest","com.intelehealth.tests.AwaitPriortyInProgressTest","IDA4_1728_StartVisitNote","IDA4_1728_StartVisitNote_Verify if user can type in drug name textbox and if numbers or spl characters allowed","Verify if user can type in drug name textbox and if numbers or spl characters allowed"
"broken","Fri Jun 05 10:25:33 UTC 2026","Fri Jun 05 10:26:11 UTC 2026","38259","intelehealth Web App Regression Test Suite","Regression Functional Regression Test","com.intelehealth.tests.HelpSupportLogoutTest","com.intelehealth.tests.HelpSupportLogoutTest","verifyOpenTicketCountMatchesTotalTicketCount","Verify open tickets count matches total ticket count on Help & Support screen","Validates that the open tickets count displayed matches the total tickets count irrespective of ticket availability"
"broken","Fri Jun 05 11:55:12 UTC 2026","Fri Jun 05 11:56:04 UTC 2026","52041","intelehealth Web App Regression Test Suite","Regression Functional Regression Test","com.intelehealth.tests.AwaitPriortyInProgressTest","com.intelehealth.tests.AwaitPriortyInProgressTest","IDA4_1779_StartVisitNote","IDA4_1779_StartVisitNote_Verify diagnosis type, Primary or Secondary under Diagnosis section","Verify diagnosis type, Primary or Secondary under Diagnosis section"
"broken","Fri Jun 05 11:27:12 UTC 2026","Fri Jun 05 11:27:35 UTC 2026","23245","intelehealth Web App Regression Test Suite","Regression Functional Regression Test","com.intelehealth.tests.AwaitPriortyInProgressTest","com.intelehealth.tests.AwaitPriortyInProgressTest","IDA4_1723_StartVisitNote","IDA4_1723_StartVisitNote_Verify doctor is able to enter text","Verify doctor is able to enter text"
"broken","Fri Jun 05 12:40:59 UTC 2026","Fri Jun 05 12:43:55 UTC 2026","176335","intelehealth Web App Regression Test Suite","Regression Functional Regression Test","com.intelehealth.tests.CalendarPageTest","com.intelehealth.tests.CalendarPageTest","IDA4_1871_Calendar","IDA4_1871_Calendar_Verify whether user able to change/update selected dates","Verify whether user able to change/update selected dates"
"broken","Fri Jun 05 11:59:37 UTC 2026","Fri Jun 05 12:00:29 UTC 2026","51471","intelehealth Web App Regression Test Suite","Regression Functional Regression Test","com.intelehealth.tests.CalendarPageTest","com.intelehealth.tests.CalendarPageTest","IDA4_1894_Calendar","IDA4_1894_Calendar_Verify that Appointment list/Followup list display in time slot","Verify that Appointment list/Followup list display in time slot"
"broken","Fri Jun 05 10:56:25 UTC 2026","Fri Jun 05 10:56:35 UTC 2026","10153","intelehealth Web App Regression Test Suite","Regression Functional Regression Test","com.intelehealth.tests.VisitSummaryPageTest","com.intelehealth.tests.VisitSummaryPageTest","IDA4_1819_VisitSummary","IDA4_1819_VisitSummary_Verify functionality of confirm button in share prescription popup","Verify functionality of confirm button in share prescription popup"
"broken","Fri Jun 05 10:12:16 UTC 2026","Fri Jun 05 10:12:44 UTC 2026","28369","intelehealth Web App Regression Test Suite","Regression Functional Regression Test","com.intelehealth.tests.FilterTest","com.intelehealth.tests.FilterTest","verifyFilterWorksAlongWithSearchVisitByOpenMrsID","Verify Filter works along with Search Visit By ID","Verify Filter works along with Search vist By ID"
"broken","Fri Jun 05 10:52:39 UTC 2026","Fri Jun 05 10:52:54 UTC 2026","15151","intelehealth Web App Regression Test Suite","Regression Functional Regression Test","com.intelehealth.tests.VisitSummaryPageTest","com.intelehealth.tests.VisitSummaryPageTest","IDA4_1809_VisitSummary","IDA4_1809_VisitSummary_Verify chat option in visit summary page","Verify chat option in visit summary page"
"passed","Fri Jun 05 12:06:38 UTC 2026","Fri Jun 05 12:08:03 UTC 2026","85701","intelehealth Web App Regression Test Suite","Regression Functional Regression Test","com.intelehealth.tests.CalendarPageTest","com.intelehealth.tests.CalendarPageTest","IDA4_1904_Calendar","IDA4_1904_Calendar_Verify Appointment and Follow up visit details popup page for In-progress/Awaiting/priority visit patient","Verify Appointment and Follow up visit details popup page for In-progress/Awaiting/priority visit patient"
"broken","Fri Jun 05 10:17:01 UTC 2026","Fri Jun 05 10:17:21 UTC 2026","20167","intelehealth Web App Regression Test Suite","Regression Functional Regression Test","com.intelehealth.tests.ForgotUsernamePasswordTest","com.intelehealth.tests.ForgotUsernamePasswordTest","IDA4_1454_ForgotUNPW","IDA4_1454_Verify that 6 digit OTP is received in registered mobile number","Verify that 6 digit OTP is received in registered mobile number"
"broken","Fri Jun 05 11:49:43 UTC 2026","Fri Jun 05 11:50:06 UTC 2026","23223","intelehealth Web App Regression Test Suite","Regression Functional Regression Test","com.intelehealth.tests.AwaitPriortyInProgressTest","com.intelehealth.tests.AwaitPriortyInProgressTest","IDA4_1770_StartVisitNote","IDA4_1770_StartVisitNote_Verify Save button functionality in followup section","Verify Save button functionality in followup section"
"broken","Fri Jun 05 10:37:40 UTC 2026","Fri Jun 05 10:38:01 UTC 2026","20216","intelehealth Web App Regression Test Suite","Regression Functional Regression Test","com.intelehealth.tests.MessagesPageTest","com.intelehealth.tests.MessagesPageTest","verifySentMessageStatusIsUpdated","Verify Sending a Text Message","Verify Sending a Text Message"
"broken","Fri Jun 05 11:47:38 UTC 2026","Fri Jun 05 11:48:15 UTC 2026","36714","intelehealth Web App Regression Test Suite","Regression Functional Regression Test","com.intelehealth.tests.AwaitPriortyInProgressTest","com.intelehealth.tests.AwaitPriortyInProgressTest","IDA4_1763_StartVisitNote","IDA4_1763_StartVisitNote_Verify delete icon functionality for remarks section","Verify delete icon functionality for remarks section"
"broken","Fri Jun 05 11:31:28 UTC 2026","Fri Jun 05 11:31:51 UTC 2026","23297","intelehealth Web App Regression Test Suite","Regression Functional Regression Test","com.intelehealth.tests.AwaitPriortyInProgressTest","com.intelehealth.tests.AwaitPriortyInProgressTest","IDA4_1732_StartVisitNote","IDA4_1732_StartVisitNote_Verify if user can type in No of days and characters or spl characters in the textbox","Verify if user can type in No of days and characters or spl characters in the textbox"
"broken","Fri Jun 05 11:36:10 UTC 2026","Fri Jun 05 11:36:33 UTC 2026","23227","intelehealth Web App Regression Test Suite","Regression Functional Regression Test","com.intelehealth.tests.AwaitPriortyInProgressTest","com.intelehealth.tests.AwaitPriortyInProgressTest","IDA4_1741_StartVisitNote","IDA4_1741_StartVisitNote_Verify save functionality for additional instructions under medication section","Verify save functionality for additional instructions under medication section"
"broken","Fri Jun 05 11:35:18 UTC 2026","Fri Jun 05 11:35:57 UTC 2026","38426","intelehealth Web App Regression Test Suite","Regression Functional Regression Test","com.intelehealth.tests.AwaitPriortyInProgressTest","com.intelehealth.tests.AwaitPriortyInProgressTest","IDA4_1740_StartVisitNote","IDA4_1740_StartVisitNote_Verify user is able to enter text in additional instructions text area under medication section","Verify user is able to enter text in additional instructions text area under medication section"
"broken","Fri Jun 05 10:49:01 UTC 2026","Fri Jun 05 10:49:22 UTC 2026","20265","intelehealth Web App Regression Test Suite","Regression Functional Regression Test","com.intelehealth.tests.VideoFunctionalityTest","com.intelehealth.tests.VideoFunctionalityTest","IDA4_1843_VideoFunctionality","IDA4_1843_Verify that user can make the video call","Verify that user can make the video call"
"broken","Fri Jun 05 10:54:53 UTC 2026","Fri Jun 05 10:55:03 UTC 2026","10201","intelehealth Web App Regression Test Suite","Regression Functional Regression Test","com.intelehealth.tests.VisitSummaryPageTest","com.intelehealth.tests.VisitSummaryPageTest","IDA4_1815_VisitSummary","IDA4_1815_VisitSummary_Verify doing any changes in any of the section in visit summary page","Verify doing any changes in any of the section in visit summary page"
"skipped","Fri Jun 05 11:56:51 UTC 2026","Fri Jun 05 11:56:51 UTC 2026","3","intelehealth Web App Regression Test Suite","Regression Functional Regression Test","com.intelehealth.tests.AppointmentPageTest","com.intelehealth.tests.AppointmentPageTest","IDA4_1791_Appointments","IDA4_1791_Appointments_Verify whether user able to cancel the appointments","Verify whether user able to cancel the appointments"
"passed","Fri Jun 05 10:44:13 UTC 2026","Fri Jun 05 10:44:26 UTC 2026","13366","intelehealth Web App Regression Test Suite","Regression Functional Regression Test","com.intelehealth.tests.ProfilePageTest","com.intelehealth.tests.ProfilePageTest","IDA4_1522_Profile","IDA4_1522_Verify user can update the First name , Middle name and Last name, Gender, DOB fields","Verify user can update the First name , Middle name and Last name, Gender, DOB fields"
"broken","Fri Jun 05 11:50:55 UTC 2026","Fri Jun 05 11:51:29 UTC 2026","33708","intelehealth Web App Regression Test Suite","Regression Functional Regression Test","com.intelehealth.tests.AwaitPriortyInProgressTest","com.intelehealth.tests.AwaitPriortyInProgressTest","IDA4_1772_StartVisitNote","IDA4_1772_StartVisitNote_Verify functionality of Share prescription button","Verify functionality of Share prescription button"
"broken","Fri Jun 05 12:58:38 UTC 2026","Fri Jun 05 12:58:58 UTC 2026","20246","intelehealth Web App Regression Test Suite","Regression Functional Regression Test","com.intelehealth.tests.CalendarPageTest","com.intelehealth.tests.CalendarPageTest","IDA4_1891_Calendar","IDA4_1891_Calendar_Verify that your calendar title And Manage Calendar button display in screen","Verify that your calendar title And Manage Calendar button display in screen"
"failed","Fri Jun 05 09:47:56 UTC 2026","Fri Jun 05 09:48:32 UTC 2026","35768","intelehealth Web App Regression Test Suite","Regression Functional Regression Test","com.intelehealth.tests.End2EndTest","com.intelehealth.tests.End2EndTest","IDA4_1669_End2End","IDA4_1669_End2End_Login, Cancel appointment, logout","Login, Cancel appointment, logout"
"broken","Fri Jun 05 10:24:17 UTC 2026","Fri Jun 05 10:24:37 UTC 2026","20235","intelehealth Web App Regression Test Suite","Regression Functional Regression Test","com.intelehealth.tests.HelpSupportLogoutTest","com.intelehealth.tests.HelpSupportLogoutTest","IDA4_1650_HelpSupport","IDA4_1650_Verify the User can logout from app if clicking yes","Verify the User can logout from app if clicking yes"
"broken","Fri Jun 05 09:40:32 UTC 2026","Fri Jun 05 09:40:54 UTC 2026","21106","intelehealth Web App Regression Test Suite","Regression Functional Regression Test","com.intelehealth.tests.DashboardPageTest","com.intelehealth.tests.DashboardPageTest","IDA4_1584_Dashboard","IDA4_1584_Dashboard_Verify that Priority visits header shows the correct count of Priority visits","Verify that Priority visits header shows the correct count of Priority visits"
"passed","Fri Jun 05 09:32:19 UTC 2026","Fri Jun 05 09:32:19 UTC 2026","64","intelehealth Web App Regression Test Suite","Regression Functional Regression Test","com.intelehealth.tests.LoginPageTest","com.intelehealth.tests.LoginPageTest","IdA4_1431_Login","IDA4_1431_Login_Verify that Terms & Conditions and privacy policy link navigates to respective pages ","Verify language drop down on login page"
"broken","Fri Jun 05 10:53:08 UTC 2026","Fri Jun 05 10:53:23 UTC 2026","15152","intelehealth Web App Regression Test Suite","Regression Functional Regression Test","com.intelehealth.tests.VisitSummaryPageTest","com.intelehealth.tests.VisitSummaryPageTest","IDA4_1810_VisitSummary","IDA4_1810_VisitSummary_Verify whether user able to chat and send to healthworker on visit summary page","Verify whether user able to chat and send to healthworker on visit summary page"
"broken","Fri Jun 05 11:42:14 UTC 2026","Fri Jun 05 11:42:34 UTC 2026","20251","intelehealth Web App Regression Test Suite","Regression Functional Regression Test","com.intelehealth.tests.AwaitPriortyInProgressTest","com.intelehealth.tests.AwaitPriortyInProgressTest","IDA4_1752_StartVisitNote","IDA4-1752, Verify user is shown automatic selection options once a character is entered","Verify user is shown automatic selection options once a character is entered"
"broken","Fri Jun 05 10:24:51 UTC 2026","Fri Jun 05 10:25:20 UTC 2026","29102","intelehealth Web App Regression Test Suite","Regression Functional Regression Test","com.intelehealth.tests.HelpSupportLogoutTest","com.intelehealth.tests.HelpSupportLogoutTest","verifyNavigationToHelpAndSupportScreen","Verify that user is navigated to Help & Support screen when clicked from left panel","Validates successful navigation to Help & Support screen and verifies the screen header"
"broken","Fri Jun 05 10:13:41 UTC 2026","Fri Jun 05 10:14:14 UTC 2026","32432","intelehealth Web App Regression Test Suite","Regression Functional Regression Test","com.intelehealth.tests.FilterTest","com.intelehealth.tests.FilterTest","verifyApplyWithoutSelectingFromDateAfterChoosingRangeOption","Click Apply without selecting from date in Range","Click Apply without selecting from date in Range"
"broken","Fri Jun 05 11:53:08 UTC 2026","Fri Jun 05 11:53:31 UTC 2026","23214","intelehealth Web App Regression Test Suite","Regression Functional Regression Test","com.intelehealth.tests.AwaitPriortyInProgressTest","com.intelehealth.tests.AwaitPriortyInProgressTest","IDA4_1776_StartVisitNote","IDA4_1776_StartVisitNote_Verify buttons are changed once prescription is shared to a patient on visit summary page","Verify buttons are changed once prescription is shared to a patient on visit summary page"
"passed","Fri Jun 05 10:45:12 UTC 2026","Fri Jun 05 10:45:25 UTC 2026","13334","intelehealth Web App Regression Test Suite","Regression Functional Regression Test","com.intelehealth.tests.ProfilePageTest","com.intelehealth.tests.ProfilePageTest","IDA4_1532_Profile","IDA4_1532_Verify that user can select the signature from dropdown","Verify that user can select the signature from dropdown"
"broken","Fri Jun 05 10:18:41 UTC 2026","Fri Jun 05 10:19:01 UTC 2026","20190","intelehealth Web App Regression Test Suite","Regression Functional Regression Test","com.intelehealth.tests.ForgotUsernamePasswordTest","com.intelehealth.tests.ForgotUsernamePasswordTest","IDA4_1460_ForgotUNPW","IDA4_1460_Verify the Resend functionality","Verify the Resend functionality"
"broken","Fri Jun 05 12:04:54 UTC 2026","Fri Jun 05 12:05:51 UTC 2026","56781","intelehealth Web App Regression Test Suite","Regression Functional Regression Test","com.intelehealth.tests.CalendarPageTest","com.intelehealth.tests.CalendarPageTest","IDA4_1900_Calendar","IDA4_1900_Calendar_Verify user can navigate to visit summary page by clicking  Provide Prescription Button on Appointment/Follow-up visit details popup","Verify user can navigate to visit summary page by clicking  Provide Prescription Button on Appointment/Follow-up visit details popup"
"broken","Fri Jun 05 12:40:25 UTC 2026","Fri Jun 05 12:40:45 UTC 2026","20212","intelehealth Web App Regression Test Suite","Regression Functional Regression Test","com.intelehealth.tests.CalendarPageTest","com.intelehealth.tests.CalendarPageTest","IDA4_1870_Calendar","IDA4_1870_Calendar_Verify confirm functionality when clicked on delete in calendar","Verify confirm functionality when clicked on delete in calendar"
"broken","Fri Jun 05 10:57:33 UTC 2026","Fri Jun 05 10:57:43 UTC 2026","10167","intelehealth Web App Regression Test Suite","Regression Functional Regression Test","com.intelehealth.tests.VisitSummaryPageTest","com.intelehealth.tests.VisitSummaryPageTest","IDA4_1823_VisitSummary","IDA4_1823_VisitSummary_Verify the details in past visit summary/prescription popup is correct","Verify the details in past visit summary/prescription popup is correct"
"broken","Fri Jun 05 09:34:33 UTC 2026","Fri Jun 05 09:34:56 UTC 2026","23231","intelehealth Web App Regression Test Suite","Regression Functional Regression Test","com.intelehealth.tests.ChatPageTest","com.intelehealth.tests.ChatPageTest","IDA4_1833_Chat","IDA4_1833_Verify whether HW able to click on the PN when doctor send a chat msg","Verify whether HW able to click on the PN when doctor send a chat msg"
"broken","Fri Jun 05 12:51:29 UTC 2026","Fri Jun 05 12:52:15 UTC 2026","46657","intelehealth Web App Regression Test Suite","Regression Functional Regression Test","com.intelehealth.tests.CalendarPageTest","com.intelehealth.tests.CalendarPageTest","IDA4_1881_Calendar","IDA4_1881_Calendar_Verify whether selected days off date can be removed under days off section","Verify whether selected days off date can be removed under days off section"
"broken","Fri Jun 05 11:34:45 UTC 2026","Fri Jun 05 11:35:05 UTC 2026","20233","intelehealth Web App Regression Test Suite","Regression Functional Regression Test","com.intelehealth.tests.AwaitPriortyInProgressTest","com.intelehealth.tests.AwaitPriortyInProgressTest","IDA4_1739_StartVisitNote","IDA4-1739,Verify if multiple medicines can be added in medication section","Verify if multiple medicines can be added in medication section"
"broken","Fri Jun 05 10:01:08 UTC 2026","Fri Jun 05 10:01:45 UTC 2026","37097","intelehealth Web App Regression Test Suite","Regression Functional Regression Test","com.intelehealth.tests.End2EndTest","com.intelehealth.tests.End2EndTest","IDA4_1683_End2End","IDA4_1683_End2End_Login, prescription sent, visit summary, update prescription","Login, prescription sent, visit summary, update prescription"
"broken","Fri Jun 05 10:55:16 UTC 2026","Fri Jun 05 10:55:26 UTC 2026","10158","intelehealth Web App Regression Test Suite","Regression Functional Regression Test","com.intelehealth.tests.VisitSummaryPageTest","com.intelehealth.tests.VisitSummaryPageTest","IDA4_1816_VisitSummary","IDA4_1816_VisitSummary_Verify the functionality of share prescription button in visit summary page","Verify the functionality of share prescription button in visit summary page"
"broken","Fri Jun 05 13:01:50 UTC 2026","Fri Jun 05 13:02:07 UTC 2026","16815","intelehealth Web App Regression Test Suite","Regression Functional Regression Test","com.intelehealth.tests.ChangePasswordLanguageTest","com.intelehealth.tests.ChangePasswordLanguageTest","IDA4_1554_ChangePasswordLanguage","IDA4_1554_Verify that user can Change the password","Verify that user can Change the password"
"broken","Fri Jun 05 11:44:24 UTC 2026","Fri Jun 05 11:44:47 UTC 2026","23261","intelehealth Web App Regression Test Suite","Regression Functional Regression Test","com.intelehealth.tests.AwaitPriortyInProgressTest","com.intelehealth.tests.AwaitPriortyInProgressTest","IDA4_1755_StartVisitNote","IDA4_1755_StartVisitNote_Verify delete icon functionality","Verify delete icon functionality"
"failed","Fri Jun 05 09:38:41 UTC 2026","Fri Jun 05 09:38:49 UTC 2026","8123","intelehealth Web App Regression Test Suite","Regression Functional Regression Test","com.intelehealth.tests.DashboardPageTest","com.intelehealth.tests.DashboardPageTest","IDA4_1579_Dashboard","IDA4_1579_Dashboard_Verify clicking on any of the appointment navigates to visit summary page","Verify clicking on any of the appointment navigates to visit summary page"
"broken","Fri Jun 05 09:55:19 UTC 2026","Fri Jun 05 09:55:40 UTC 2026","21265","intelehealth Web App Regression Test Suite","Regression Functional Regression Test","com.intelehealth.tests.End2EndTest","com.intelehealth.tests.End2EndTest","IDA4_1678_End2End","IDA4_1678_End2End_Login, search patient, view, visit summary, video call with healthworker","Login, search patient, view, visit summary, video call with healthworker"
"skipped","Fri Jun 05 11:56:51 UTC 2026","Fri Jun 05 11:56:51 UTC 2026","2","intelehealth Web App Regression Test Suite","Regression Functional Regression Test","com.intelehealth.tests.AppointmentPageTest","com.intelehealth.tests.AppointmentPageTest","IDA4_1788_Appointments","IDA4_1788_Appointments_Verify whether scheduled appointments from healthworker -Mobile is reflecting in web app","Verify whether scheduled appointments from healthworker -Mobile is reflecting in web app"
"broken","Fri Jun 05 10:51:47 UTC 2026","Fri Jun 05 10:51:57 UTC 2026","10173","intelehealth Web App Regression Test Suite","Regression Functional Regression Test","com.intelehealth.tests.VisitSummaryPageTest","com.intelehealth.tests.VisitSummaryPageTest","IDA4_1805_VisitSummary","IDA4_1805_VisitSummary_Verify the visit summary page","Verify the visit summary page"
"broken","Fri Jun 05 10:02:00 UTC 2026","Fri Jun 05 10:02:29 UTC 2026","29727","intelehealth Web App Regression Test Suite","Regression Functional Regression Test","com.intelehealth.tests.End2EndTest","com.intelehealth.tests.End2EndTest","IDA4_1684_End2End","IDA4_1684_End2End_Login, prescription sent, visit summary, view prescription","Login, prescription sent, visit summary, view prescription"
"broken","Fri Jun 05 11:30:14 UTC 2026","Fri Jun 05 11:30:38 UTC 2026","23293","intelehealth Web App Regression Test Suite","Regression Functional Regression Test","com.intelehealth.tests.AwaitPriortyInProgressTest","com.intelehealth.tests.AwaitPriortyInProgressTest","IDA4_1730_StartVisitNote","IDA4_1730_StartVisitNote_Verify if user can type in strength and if characters or spl characters are allowed","Verify if user can type in strength and if characters or spl characters are allowed"
"broken","Fri Jun 05 10:42:21 UTC 2026","Fri Jun 05 10:42:59 UTC 2026","37456","intelehealth Web App Regression Test Suite","Regression Functional Regression Test","com.intelehealth.tests.PrescriptionPageTest","com.intelehealth.tests.PrescriptionPageTest","IDA4_1619_Prescription","IDA4-1619, Verify clicking on Completed Visits tab on prescription page","Verify clicking on Completed Visits tab on prescription page"
"broken","Fri Jun 05 10:31:28 UTC 2026","Fri Jun 05 10:31:55 UTC 2026","27176","intelehealth Web App Regression Test Suite","Regression Functional Regression Test","com.intelehealth.tests.HelpSupportLogoutTest","com.intelehealth.tests.HelpSupportLogoutTest","verifyCloseButtonFuntionalityInCreateTicketModal","Verify close button functionality","Verify close button functionality"
"broken","Fri Jun 05 09:43:30 UTC 2026","Fri Jun 05 09:43:51 UTC 2026","21242","intelehealth Web App Regression Test Suite","Regression Functional Regression Test","com.intelehealth.tests.DashboardPageTest","com.intelehealth.tests.DashboardPageTest","IDA4_1590_Dashboard","IDA4_1590_Dashboard_Verify that Awaiting visits header shows the correct count of awaiting visits","Verify that Awaiting visits header shows the correct count of awaiting visits"
"passed","Fri Jun 05 10:46:23 UTC 2026","Fri Jun 05 10:46:55 UTC 2026","31991","intelehealth Web App Regression Test Suite","Regression Functional Regression Test","com.intelehealth.tests.ProfilePageTest","com.intelehealth.tests.ProfilePageTest","IDA4_1550_Profile","IDA4_1550_Verify that user can able to update the profile","Verify that user can able to update the profile"
"broken","Fri Jun 05 10:08:57 UTC 2026","Fri Jun 05 10:09:42 UTC 2026","44465","intelehealth Web App Regression Test Suite","Regression Functional Regression Test","com.intelehealth.tests.FilterTest","com.intelehealth.tests.FilterTest","verifyApplyButtonWithoutSelectingDate","Verify Apply button without selecting Date ","Verify Apply button without selecting Date "
"skipped","Fri Jun 05 11:56:51 UTC 2026","Fri Jun 05 11:56:51 UTC 2026","2","intelehealth Web App Regression Test Suite","Regression Functional Regression Test","com.intelehealth.tests.AppointmentPageTest","com.intelehealth.tests.AppointmentPageTest","IDA4_1803_Appointments","IDA4_1803_Appointments_Verify the Patient details on Appointments","Verify the Patient details on Appointments"
"broken","Fri Jun 05 12:52:28 UTC 2026","Fri Jun 05 12:53:17 UTC 2026","48859","intelehealth Web App Regression Test Suite","Regression Functional Regression Test","com.intelehealth.tests.CalendarPageTest","com.intelehealth.tests.CalendarPageTest","IDA4_1882_Calendar","IDA4_1882_Calendar_Verify the confirm popup when dates are to be removed under days off section","Verify the confirm popup when dates are to be removed under days off section"
"broken","Fri Jun 05 10:20:45 UTC 2026","Fri Jun 05 10:21:05 UTC 2026","20188","intelehealth Web App Regression Test Suite","Regression Functional Regression Test","com.intelehealth.tests.ForgotUsernamePasswordTest","com.intelehealth.tests.ForgotUsernamePasswordTest","IDA4_1473_ForgotUNPW","IDA4_1473_Verify if user gets the OTP to Mobile number and Email","Verify if user gets the OTP to Mobile number and Email"
"broken","Fri Jun 05 12:56:02 UTC 2026","Fri Jun 05 12:56:49 UTC 2026","46650","intelehealth Web App Regression Test Suite","Regression Functional Regression Test","com.intelehealth.tests.CalendarPageTest","com.intelehealth.tests.CalendarPageTest","IDA4_1887_Calendar","IDA4_1887_Calendar_Verify save functionality after selecting multiple dates under days off section","Verify save functionality after selecting multiple dates under days off section"
"broken","Fri Jun 05 12:45:15 UTC 2026","Fri Jun 05 12:46:10 UTC 2026","54400","intelehealth Web App Regression Test Suite","Regression Functional Regression Test","com.intelehealth.tests.CalendarPageTest","com.intelehealth.tests.CalendarPageTest","IDA4_1875_Calendar","IDA4_1875_Calendar_Verify user can select date from calendar under days off section","Verify user can select date from calendar under days off section"
"broken","Fri Jun 05 10:19:31 UTC 2026","Fri Jun 05 10:19:51 UTC 2026","20189","intelehealth Web App Regression Test Suite","Regression Functional Regression Test","com.intelehealth.tests.ForgotUsernamePasswordTest","com.intelehealth.tests.ForgotUsernamePasswordTest","IDA4_1468_ForgotUNPW","IDA4_1468_Verify that user gets the Forgot password screen on clicking the link","Verify that user gets the Forgot password screen on clicking the link"
"broken","Fri Jun 05 12:33:37 UTC 2026","Fri Jun 05 12:35:26 UTC 2026","108715","intelehealth Web App Regression Test Suite","Regression Functional Regression Test","com.intelehealth.tests.CalendarPageTest","com.intelehealth.tests.CalendarPageTest","IDA4_1864_Calendar","IDA4_1864_Calendar_Verify the Add more timing link functionality","Verify the Add more timing link functionality"
"skipped","Fri Jun 05 11:56:51 UTC 2026","Fri Jun 05 11:56:51 UTC 2026","3","intelehealth Web App Regression Test Suite","Regression Functional Regression Test","com.intelehealth.tests.AppointmentPageTest","com.intelehealth.tests.AppointmentPageTest","IDA4_1800_Appointments","IDA4_1800_Appointments_Verify clicking on Confirm button on Reschedule the appointment popup","Verify clicking on Confirm button on Reschedule the appointment popup"
"passed","Fri Jun 05 10:41:36 UTC 2026","Fri Jun 05 10:42:10 UTC 2026","33825","intelehealth Web App Regression Test Suite","Regression Functional Regression Test","com.intelehealth.tests.PrescriptionPageTest","com.intelehealth.tests.PrescriptionPageTest","IDA4_1631_Prescription","IDA4-1631, Verify clicking on any of the completed visit record from the table","Verify clicking on any of the completed visit record from the table"
"passed","Fri Jun 05 09:45:37 UTC 2026","Fri Jun 05 09:45:47 UTC 2026","9260","intelehealth Web App Regression Test Suite","Regression Functional Regression Test","com.intelehealth.tests.DashboardPageTest","com.intelehealth.tests.DashboardPageTest","IDA4_1596_Dashboard","IDA4_1596_Dashboard_Verify that In-progress visits header shows the correct count of In-progress visits","Verify that In-progress visits header shows the correct count of In-progress visits"
"passed","Fri Jun 05 09:41:38 UTC 2026","Fri Jun 05 09:43:19 UTC 2026","101233","intelehealth Web App Regression Test Suite","Regression Functional Regression Test","com.intelehealth.tests.DashboardPageTest","com.intelehealth.tests.DashboardPageTest","IDA4_1589_Dashboard","IDA4_1589_Dashboard_Verify that Awaiting visits section shows all the awaiting visits","Verify that Awaiting visits section shows all the awaiting visits"
"broken","Fri Jun 05 09:54:43 UTC 2026","Fri Jun 05 09:55:05 UTC 2026","21242","intelehealth Web App Regression Test Suite","Regression Functional Regression Test","com.intelehealth.tests.End2EndTest","com.intelehealth.tests.End2EndTest","IDA4_1677_End2End","IDA4_1677_End2End_Login, search patient, view, visit summary, chat with healthworker","Login, search patient, view, visit summary, chat with healthworker"
"passed","Fri Jun 05 09:45:18 UTC 2026","Fri Jun 05 09:45:26 UTC 2026","7795","intelehealth Web App Regression Test Suite","Regression Functional Regression Test","com.intelehealth.tests.DashboardPageTest","com.intelehealth.tests.DashboardPageTest","IDA4_1595_Dashboard","IDA4_1595_Dashboard_Verify that In-progress visits section shows all the in-progress visits","Verify that In-progress visits section shows all the in-progress visits"
"broken","Fri Jun 05 10:53:35 UTC 2026","Fri Jun 05 10:53:50 UTC 2026","15134","intelehealth Web App Regression Test Suite","Regression Functional Regression Test","com.intelehealth.tests.VisitSummaryPageTest","com.intelehealth.tests.VisitSummaryPageTest","IDA4_1811_VisitSummary","IDA4_1811_VisitSummary_Verify video call option in visit summary page","Verify video call option in visit summary page"
"skipped","Fri Jun 05 11:56:51 UTC 2026","Fri Jun 05 11:56:51 UTC 2026","3","intelehealth Web App Regression Test Suite","Regression Functional Regression Test","com.intelehealth.tests.AppointmentPageTest","com.intelehealth.tests.AppointmentPageTest","IDA4_1798_Appointments","IDA4_1798_Appointments_Verify time slot selection and clicking reschedule button functionality","Verify time slot selection and clicking reschedule button functionality"
"broken","Fri Jun 05 11:50:19 UTC 2026","Fri Jun 05 11:50:42 UTC 2026","23151","intelehealth Web App Regression Test Suite","Regression Functional Regression Test","com.intelehealth.tests.AwaitPriortyInProgressTest","com.intelehealth.tests.AwaitPriortyInProgressTest","IDA4_1771_StartVisitNote","IDA4_1771_StartVisitNote_Verify Delete button functionality in followup section","Verify delete button functionality in followup section"
"broken","Fri Jun 05 10:19:55 UTC 2026","Fri Jun 05 10:20:16 UTC 2026","20185","intelehealth Web App Regression Test Suite","Regression Functional Regression Test","com.intelehealth.tests.ForgotUsernamePasswordTest","com.intelehealth.tests.ForgotUsernamePasswordTest","IDA4_1469_ForgotUNPW","IDA4_1469_Verify that user can navigate to Forgot username screen on clicking link","Verify that user can navigate to Forgot username screen on clicking link"
"broken","Fri Jun 05 10:43:10 UTC 2026","Fri Jun 05 10:43:30 UTC 2026","20219","intelehealth Web App Regression Test Suite","Regression Functional Regression Test","com.intelehealth.tests.PrescriptionPageTest","com.intelehealth.tests.PrescriptionPageTest","IDA4_1629_Prescription","IDA4_1629, Verify the count of records shown at the bottom is correct","Verify the count of records shown at the bottom is correct"
"failed","Fri Jun 05 09:44:03 UTC 2026","Fri Jun 05 09:44:24 UTC 2026","21177","intelehealth Web App Regression Test Suite","Regression Functional Regression Test","com.intelehealth.tests.DashboardPageTest","com.intelehealth.tests.DashboardPageTest","IDA4_1591_Dashboard","IDA4_1591_Dashboard_Verify that user is navigated to visit summary page on clicking any of the awaiting visits from the table","Verify that user is navigated to visit summary page on clicking any of the awaiting visits from the table"
"broken","Fri Jun 05 11:30:51 UTC 2026","Fri Jun 05 11:31:14 UTC 2026","23258","intelehealth Web App Regression Test Suite","Regression Functional Regression Test","com.intelehealth.tests.AwaitPriortyInProgressTest","com.intelehealth.tests.AwaitPriortyInProgressTest","IDA4_1731_StartVisitNote","IDA4_1731_StartVisitNote_Verify if the selected strength appears if selected","Verify if the selected strength appears if selected"
"broken","Fri Jun 05 10:21:56 UTC 2026","Fri Jun 05 10:22:17 UTC 2026","20181","intelehealth Web App Regression Test Suite","Regression Functional Regression Test","com.intelehealth.tests.ForgotUsernamePasswordTest","com.intelehealth.tests.ForgotUsernamePasswordTest","IDA4_1482_ForgotUNPW","IDA4_1482_Verify that user is able to Reset the password","Verify that user is able to Reset the password"
"broken","Fri Jun 05 12:36:13 UTC 2026","Fri Jun 05 12:38:05 UTC 2026","112038","intelehealth Web App Regression Test Suite","Regression Functional Regression Test","com.intelehealth.tests.CalendarPageTest","com.intelehealth.tests.CalendarPageTest","IDA4_1867_Calendar","IDA4_1867_Calendar_Verify clicking on save button in calendar","Verify clicking on save button in calendar"
"broken","Fri Jun 05 12:59:12 UTC 2026","Fri Jun 05 13:01:37 UTC 2026","145002","intelehealth Web App Regression Test Suite","Regression Functional Regression Test","com.intelehealth.tests.CalendarPageTest","com.intelehealth.tests.CalendarPageTest","IDA4_1892_Calendar","IDA4_1892_Calendar_Verify that user can view the current date on Screen And can change the date","Verify that user can view the current date on Screen And can change the date"
"broken","Fri Jun 05 11:29:38 UTC 2026","Fri Jun 05 11:30:01 UTC 2026","23259","intelehealth Web App Regression Test Suite","Regression Functional Regression Test","com.intelehealth.tests.AwaitPriortyInProgressTest","com.intelehealth.tests.AwaitPriortyInProgressTest","IDA4_1729_StartVisitNote","IDA4_1729_StartVisitNote_Verify if the selected drug appears if choosed","Verify if the selected drug appears if choosed"
"broken","Fri Jun 05 10:19:06 UTC 2026","Fri Jun 05 10:19:26 UTC 2026","20172","intelehealth Web App Regression Test Suite","Regression Functional Regression Test","com.intelehealth.tests.ForgotUsernamePasswordTest","com.intelehealth.tests.ForgotUsernamePasswordTest","IDA4_1466_ForgotUNPW","IDA4_1466_Verify that 6 digit OTP is received by user through Email","Verify that 6 digit OTP is received by user through Email"
"broken","Fri Jun 05 10:48:27 UTC 2026","Fri Jun 05 10:48:48 UTC 2026","20231","intelehealth Web App Regression Test Suite","Regression Functional Regression Test","com.intelehealth.tests.SearchPageTest","com.intelehealth.tests.SearchPageTest","IDA4_1491_Search","IDA4-1491,verify view button","verify view button"
"broken","Fri Jun 05 10:34:14 UTC 2026","Fri Jun 05 10:34:34 UTC 2026","20251","intelehealth Web App Regression Test Suite","Regression Functional Regression Test","com.intelehealth.tests.MessagesPageTest","com.intelehealth.tests.MessagesPageTest","verifySearchByPatientName","Verify Search by Patient Name","Verify Search by Patient Name"
"broken","Fri Jun 05 11:27:49 UTC 2026","Fri Jun 05 11:28:12 UTC 2026","23257","intelehealth Web App Regression Test Suite","Regression Functional Regression Test","com.intelehealth.tests.AwaitPriortyInProgressTest","com.intelehealth.tests.AwaitPriortyInProgressTest","IDA4_1724_StartVisitNote","IDA4_1724_StartVisitNote_Verify add note functionality","Verify add note functionality"
"broken","Fri Jun 05 09:55:54 UTC 2026","Fri Jun 05 09:56:26 UTC 2026","31689","intelehealth Web App Regression Test Suite","Regression Functional Regression Test","com.intelehealth.tests.End2EndTest","com.intelehealth.tests.End2EndTest","IDA4_1686_End2End","IDA4_1686_End2End_Login, completed visit sent, visit summary, view prescription","Login, completed visit sent, visit summary, view prescription"
"broken","Fri Jun 05 12:58:03 UTC 2026","Fri Jun 05 12:58:24 UTC 2026","20228","intelehealth Web App Regression Test Suite","Regression Functional Regression Test","com.intelehealth.tests.CalendarPageTest","com.intelehealth.tests.CalendarPageTest","IDA4_1889_Calendar","IDA4_1889_Calendar_Verify the saved day off is marked as day off in monthly calendar ","Verify the saved day off is marked as day off in monthly calendar "
"broken","Fri Jun 05 10:11:02 UTC 2026","Fri Jun 05 10:11:22 UTC 2026","20177","intelehealth Web App Regression Test Suite","Regression Functional Regression Test","com.intelehealth.tests.FilterTest","com.intelehealth.tests.FilterTest","verifyFilterRangeWhenNoVisits","Verify behavior when no vists exist for selected Range","Verify behavior when no vists exist for selected Range"
"broken","Fri Jun 05 10:52:09 UTC 2026","Fri Jun 05 10:52:25 UTC 2026","15176","intelehealth Web App Regression Test Suite","Regression Functional Regression Test","com.intelehealth.tests.VisitSummaryPageTest","com.intelehealth.tests.VisitSummaryPageTest","IDA4_1807_VisitSummary","IDA4_1807_VisitSummary_Verify the functionality of Start call button in visit summary page","Verify the functionality of Start call button in visit summary page"
"broken","Fri Jun 05 11:18:00 UTC 2026","Fri Jun 05 11:18:38 UTC 2026","37815","intelehealth Web App Regression Test Suite","Regression Functional Regression Test","com.intelehealth.tests.AwaitPriortyInProgressTest","com.intelehealth.tests.AwaitPriortyInProgressTest","IDA4_1707_StartVisitNote","IDA4_1707_StartVisitNote_Verify that only one specialization can be selected from the specialization drop down in Refer to specialist section","Verify that only one specialization can be selected from the specialization drop down in Refer to specialist section"
"broken","Fri Jun 05 12:16:07 UTC 2026","Fri Jun 05 12:17:12 UTC 2026","64889","intelehealth Web App Regression Test Suite","Regression Functional Regression Test","com.intelehealth.tests.CalendarPageTest","com.intelehealth.tests.CalendarPageTest","IDA4_1915_Calendar","IDA4_1915_Calendar_Verify that All the appointment & Follow up visits display in Selected month","Verify that All the appointment & Follow up visits display in Selected month"
"broken","Fri Jun 05 13:03:24 UTC 2026","Fri Jun 05 13:03:50 UTC 2026","25543","intelehealth Web App Regression Test Suite","Regression Functional Regression Test","com.intelehealth.tests.ChangePasswordLanguageTest","com.intelehealth.tests.ChangePasswordLanguageTest","IDA4_1569_ChangePasswordLanguage","IDA4_1569_Verify that user can change the language","Verify that user can select the language"
"passed","Fri Jun 05 10:47:09 UTC 2026","Fri Jun 05 10:47:29 UTC 2026","20203","intelehealth Web App Regression Test Suite","Regression Functional Regression Test","com.intelehealth.tests.SearchPageTest","com.intelehealth.tests.SearchPageTest","IDA4_1488_Search","IDA4-1488,verify search patient by name test","verify search patient by name test"
"broken","Fri Jun 05 11:46:53 UTC 2026","Fri Jun 05 11:47:25 UTC 2026","31966","intelehealth Web App Regression Test Suite","Regression Functional Regression Test","com.intelehealth.tests.AwaitPriortyInProgressTest","com.intelehealth.tests.AwaitPriortyInProgressTest","IDA4_1762_StartVisitNote","IDA4_1762_StartVisitNote_Verify add button functionality for remarks section","Verify add button functionality for remarks section"
"broken","Fri Jun 05 11:42:47 UTC 2026","Fri Jun 05 11:43:19 UTC 2026","31144","intelehealth Web App Regression Test Suite","Regression Functional Regression Test","com.intelehealth.tests.AwaitPriortyInProgressTest","com.intelehealth.tests.AwaitPriortyInProgressTest","IDA4_1753_StartVisitNote","IDA4-1753, Verify if the selected test appears if choosed","Verify if the selected test appears if choosed"
"broken","Fri Jun 05 09:50:49 UTC 2026","Fri Jun 05 09:52:09 UTC 2026","80098","intelehealth Web App Regression Test Suite","Regression Functional Regression Test","com.intelehealth.tests.End2EndTest","com.intelehealth.tests.End2EndTest","IDA4_1672_End2End","IDA4_1672_End2End_Login, awaiting visit, visit summary, start visit note, share/update/view prescription","Login, awaiting visit, visit summary, start visit note, share/update/view prescription"
"broken","Fri Jun 05 11:52:32 UTC 2026","Fri Jun 05 11:52:55 UTC 2026","23299","intelehealth Web App Regression Test Suite","Regression Functional Regression Test","com.intelehealth.tests.AwaitPriortyInProgressTest","com.intelehealth.tests.AwaitPriortyInProgressTest","IDA4_1774_StartVisitNote","IDA4_1774_StartVisitNote_Verify Confirm functionality under share prescription","Verify Confirm functionality under share prescription"
"broken","Fri Jun 05 10:12:57 UTC 2026","Fri Jun 05 10:13:28 UTC 2026","30021","intelehealth Web App Regression Test Suite","Regression Functional Regression Test","com.intelehealth.tests.FilterTest","com.intelehealth.tests.FilterTest","verifyFilterWorksAlongWithSearchVisitByPatientName","Verify Filter works along with Search Visit By Name","Verify Filter works along with Search vist Name"
"broken","Fri Jun 05 10:49:34 UTC 2026","Fri Jun 05 10:49:54 UTC 2026","20255","intelehealth Web App Regression Test Suite","Regression Functional Regression Test","com.intelehealth.tests.VideoFunctionalityTest","com.intelehealth.tests.VideoFunctionalityTest","IDA4_1846_VideoFunctionality","IDA4_1846_Verify when user turns on mic and video","Verify when user turns on mic and video"
"broken","Fri Jun 05 11:45:38 UTC 2026","Fri Jun 05 11:46:01 UTC 2026","23255","intelehealth Web App Regression Test Suite","Regression Functional Regression Test","com.intelehealth.tests.AwaitPriortyInProgressTest","com.intelehealth.tests.AwaitPriortyInProgressTest","IDA4_1760_StartVisitNote","IDA4_1760_StartVisitNote_Verify if add item is clickable once a new referral facility/specialization is entered","Verify if add item is clickable once a new referral facility/specialization is entered"
"broken","Fri Jun 05 10:21:06 UTC 2026","Fri Jun 05 10:21:26 UTC 2026","20167","intelehealth Web App Regression Test Suite","Regression Functional Regression Test","com.intelehealth.tests.ForgotUsernamePasswordTest","com.intelehealth.tests.ForgotUsernamePasswordTest","IDA4_1474_ForgotUNPW","IDA4_1474_Verify the Resend functionality","Verify the Resend functionality"
"broken","Fri Jun 05 12:06:05 UTC 2026","Fri Jun 05 12:06:25 UTC 2026","20229","intelehealth Web App Regression Test Suite","Regression Functional Regression Test","com.intelehealth.tests.CalendarPageTest","com.intelehealth.tests.CalendarPageTest","IDA4_1903_Calendar","IDA4_1903_Calendar_Verify that FollowUp list display in time slot","Verify that FollowUp list display in time slot"
"broken","Fri Jun 05 10:17:51 UTC 2026","Fri Jun 05 10:18:11 UTC 2026","20151","intelehealth Web App Regression Test Suite","Regression Functional Regression Test","com.intelehealth.tests.ForgotUsernamePasswordTest","com.intelehealth.tests.ForgotUsernamePasswordTest","IDA4_1458_ForgotUNPW","IDA4_1458_Verify user gets the OTP through Email ID","Verify user gets the OTP through Email ID"
"broken","Fri Jun 05 11:24:29 UTC 2026","Fri Jun 05 11:24:52 UTC 2026","23270","intelehealth Web App Regression Test Suite","Regression Functional Regression Test","com.intelehealth.tests.AwaitPriortyInProgressTest","com.intelehealth.tests.AwaitPriortyInProgressTest","IDA4_1717_StartVisitNote","IDA4_1717_StartVisitNote_Verify delete icon functionality in patient interaction section","Verify delete icon functionality in patient interaction section"
"broken","Fri Jun 05 11:40:41 UTC 2026","Fri Jun 05 11:41:27 UTC 2026","46128","intelehealth Web App Regression Test Suite","Regression Functional Regression Test","com.intelehealth.tests.AwaitPriortyInProgressTest","com.intelehealth.tests.AwaitPriortyInProgressTest","IDA4_1749_StartVisitNote","IDA4_1749_StartVisitNote_Verify if multiple advices can be added","Verify if multiple advices can be added"
"broken","Fri Jun 05 10:36:42 UTC 2026","Fri Jun 05 10:37:26 UTC 2026","44257","intelehealth Web App Regression Test Suite","Regression Functional Regression Test","com.intelehealth.tests.MessagesPageTest","com.intelehealth.tests.MessagesPageTest","verifySendingATextMessage","Verify Sending a Text Message","Verify Sending a Text Message"
"broken","Fri Jun 05 12:21:00 UTC 2026","Fri Jun 05 12:23:42 UTC 2026","162909","intelehealth Web App Regression Test Suite","Regression Functional Regression Test","com.intelehealth.tests.CalendarPageTest","com.intelehealth.tests.CalendarPageTest","IDA4_1922_Calendar","IDA4_1922_Calendar_Verify that user can select the FROM and TO dates","Verify that user can select the FROM and TO dates"
"broken","Fri Jun 05 11:28:26 UTC 2026","Fri Jun 05 11:28:49 UTC 2026","23253","intelehealth Web App Regression Test Suite","Regression Functional Regression Test","com.intelehealth.tests.AwaitPriortyInProgressTest","com.intelehealth.tests.AwaitPriortyInProgressTest","IDA4_1725_StartVisitNote","IDA4_1725_StartVisitNote_Verify delete icon functionality","Verify delete icon functionality"
"broken","Fri Jun 05 11:56:17 UTC 2026","Fri Jun 05 11:56:37 UTC 2026","20220","intelehealth Web App Regression Test Suite","Regression Functional Regression Test","com.intelehealth.tests.AwaitPriortyInProgressTest","com.intelehealth.tests.AwaitPriortyInProgressTest","IDA4_1780_StartVisitNote","IDA4_1780_StartVisitNote_Verify status, Provisional or Confirmed under Diagnosis section","Verify status, Provisional or Confirmed under Diagnosis section"
"broken","Fri Jun 05 12:57:02 UTC 2026","Fri Jun 05 12:57:51 UTC 2026","48767","intelehealth Web App Regression Test Suite","Regression Functional Regression Test","com.intelehealth.tests.CalendarPageTest","com.intelehealth.tests.CalendarPageTest","IDA4_1888_Calendar","IDA4_1888_Calendar_Verify confirm functionality when clicked on save under days off section after selecting multiple dates","Verify confirm functionality when clicked on save under days off section after selecting multiple dates"
"broken","Fri Jun 05 10:33:39 UTC 2026","Fri Jun 05 10:33:59 UTC 2026","20263","intelehealth Web App Regression Test Suite","Regression Functional Regression Test","com.intelehealth.tests.MessagesPageTest","com.intelehealth.tests.MessagesPageTest","verifyMessagesPageLoadsSuccessfully","Verify Messages Page Loads Successfully","Verify Messages Page Loads Successfully"
"broken","Fri Jun 05 12:17:26 UTC 2026","Fri Jun 05 12:18:46 UTC 2026","80013","intelehealth Web App Regression Test Suite","Regression Functional Regression Test","com.intelehealth.tests.CalendarPageTest","com.intelehealth.tests.CalendarPageTest","IDA4_1916_Calendar","IDA4_1916_Calendar_Verify that Day off is displayed in marked dates","Verify that Day off is displayed in marked dates"
"broken","Fri Jun 05 11:51:42 UTC 2026","Fri Jun 05 11:52:18 UTC 2026","36024","intelehealth Web App Regression Test Suite","Regression Functional Regression Test","com.intelehealth.tests.AwaitPriortyInProgressTest","com.intelehealth.tests.AwaitPriortyInProgressTest","IDA4_1773_StartVisitNote","IDA4_1773_StartVisitNote_Verify Confirm functionality under share prescription","Verify Confirm functionality under share prescription"
"passed","Fri Jun 05 11:03:44 UTC 2026","Fri Jun 05 11:17:01 UTC 2026","797179","intelehealth Web App Regression Test Suite","Regression Functional Regression Test","com.intelehealth.tests.AwaitPriortyInProgressTest","com.intelehealth.tests.AwaitPriortyInProgressTest","IDA4_1703_StartVisitNote","IDA4_1703_StartVisitNote_Verify the details of the patient are correctly displayed in visit summary page","Verify the details of the patient are correctly displayed in visit summary page"
"broken","Fri Jun 05 09:58:39 UTC 2026","Fri Jun 05 10:00:19 UTC 2026","99352","intelehealth Web App Regression Test Suite","Regression Functional Regression Test","com.intelehealth.tests.End2EndTest","com.intelehealth.tests.End2EndTest","IDA4_1681_End2End","IDA4_1681_End2End_Login, calendar, view calendar, appointment, mark as hourly off","Login, calendar, view calendar, appointment, mark as hourly off"
"broken","Fri Jun 05 10:18:16 UTC 2026","Fri Jun 05 10:18:36 UTC 2026","20196","intelehealth Web App Regression Test Suite","Regression Functional Regression Test","com.intelehealth.tests.ForgotUsernamePasswordTest","com.intelehealth.tests.ForgotUsernamePasswordTest","IDA4_1459_ForgotUNPW","IDA4_1459_Verify username is retrieved and user should be able to login","Verify username is retrieved and user should be able to login"
"broken","Fri Jun 05 12:46:24 UTC 2026","Fri Jun 05 12:47:20 UTC 2026","55953","intelehealth Web App Regression Test Suite","Regression Functional Regression Test","com.intelehealth.tests.CalendarPageTest","com.intelehealth.tests.CalendarPageTest","IDA4_1876_Calendar","IDA4_1876_Calendar_Verify the functionality of save button under days off section after selecting single date","Verify the functionality of save button under days off section after selecting single date"
"passed","Fri Jun 05 12:01:16 UTC 2026","Fri Jun 05 12:02:26 UTC 2026","69987","intelehealth Web App Regression Test Suite","Regression Functional Regression Test","com.intelehealth.tests.CalendarPageTest","com.intelehealth.tests.CalendarPageTest","IDA4_1897_Calendar","IDA4_1897_Calendar_Verify that user can able to view the 'Completed' Appointment details popup","Verify that user can able to view the 'Completed' Appointment details popup"
"passed","Fri Jun 05 10:44:39 UTC 2026","Fri Jun 05 10:44:58 UTC 2026","18916","intelehealth Web App Regression Test Suite","Regression Functional Regression Test","com.intelehealth.tests.ProfilePageTest","com.intelehealth.tests.ProfilePageTest","IDA4_1526_Profile","IDA4_1526_Verify that user can update the Mobile number, Whatsapp number and Email ID","Verify that user can update the Mobile number, Whatsapp number and Email ID"
"broken","Fri Jun 05 10:02:44 UTC 2026","Fri Jun 05 10:03:23 UTC 2026","39124","intelehealth Web App Regression Test Suite","Regression Functional Regression Test","com.intelehealth.tests.End2EndTest","com.intelehealth.tests.End2EndTest","IDA4_1685_End2End","IDA4_1685_End2End_Login, prescription sent, visit summary, share prescription","Login, prescription sent, visit summary, share prescription"
"broken","Fri Jun 05 09:53:33 UTC 2026","Fri Jun 05 09:53:54 UTC 2026","21088","intelehealth Web App Regression Test Suite","Regression Functional Regression Test","com.intelehealth.tests.End2EndTest","com.intelehealth.tests.End2EndTest","IDA4_1675_End2End","IDA4_1675_End2End_Login, search patient, view, visit summary, call patient no","Login, search patient, view, visit summary, call patient no"
"broken","Fri Jun 05 09:47:03 UTC 2026","Fri Jun 05 09:47:41 UTC 2026","38507","intelehealth Web App Regression Test Suite","Regression Functional Regression Test","com.intelehealth.tests.End2EndTest","com.intelehealth.tests.End2EndTest","IDA4_1668_End2End","IDA4_1668_End2End_Login, Reschedule appointment, logout","Login, Reschedule appointment, logout"
"broken","Fri Jun 05 10:57:11 UTC 2026","Fri Jun 05 10:57:22 UTC 2026","10178","intelehealth Web App Regression Test Suite","Regression Functional Regression Test","com.intelehealth.tests.VisitSummaryPageTest","com.intelehealth.tests.VisitSummaryPageTest","IDA4_1821_VisitSummary","IDA4_1821_VisitSummary_Verify if there are past visits in the patient profile","Verify if there are past visits in the patient profile"
"broken","Fri Jun 05 09:33:24 UTC 2026","Fri Jun 05 09:33:47 UTC 2026","23270","intelehealth Web App Regression Test Suite","Regression Functional Regression Test","com.intelehealth.tests.ChatPageTest","com.intelehealth.tests.ChatPageTest","IDA4_1828_Chat","IDA4_1828_Verify chat option functionality in visit summary page","Verify chat option visibility"
"broken","Fri Jun 05 11:17:14 UTC 2026","Fri Jun 05 11:17:47 UTC 2026","32185","intelehealth Web App Regression Test Suite","Regression Functional Regression Test","com.intelehealth.tests.AwaitPriortyInProgressTest","com.intelehealth.tests.AwaitPriortyInProgressTest","IDA4_1706_StartVisitNote","IDA4_1706_StartVisitNote_Verify only one radio button can be selected in refer to specialist section","Verify only one radio button can be selected in refer to specialist section"
"broken","Fri Jun 05 10:08:06 UTC 2026","Fri Jun 05 10:08:43 UTC 2026","37240","intelehealth Web App Regression Test Suite","Regression Functional Regression Test","com.intelehealth.tests.FilterTest","com.intelehealth.tests.FilterTest","VerifyResetButtonFunctionality","Verify Reset Button Functionality","Verify Reset Button Functionality"
"passed","Fri Jun 05 09:44:35 UTC 2026","Fri Jun 05 09:45:06 UTC 2026","31047","intelehealth Web App Regression Test Suite","Regression Functional Regression Test","com.intelehealth.tests.DashboardPageTest","com.intelehealth.tests.DashboardPageTest","IDA4_1572_Dashboard","IDA4_1572_Dashboard_verify dashboard page contents","verify dashboard page contents"
"broken","Fri Jun 05 12:08:17 UTC 2026","Fri Jun 05 12:09:22 UTC 2026","65092","intelehealth Web App Regression Test Suite","Regression Functional Regression Test","com.intelehealth.tests.CalendarPageTest","com.intelehealth.tests.CalendarPageTest","IDA4_1905_Calendar","IDA4_1905_Calendar_Verify the label in Appointment details/Follow-up visit popup page when appointment/follow-up is completed","Verify the label in Appointment details/Follow-up visit popup page when appointment/follow-up is completed"
"broken","Fri Jun 05 10:21:31 UTC 2026","Fri Jun 05 10:21:51 UTC 2026","20186","intelehealth Web App Regression Test Suite","Regression Functional Regression Test","com.intelehealth.tests.ForgotUsernamePasswordTest","com.intelehealth.tests.ForgotUsernamePasswordTest","IDA4_1480_ForgotUNPW","IDA4_1480_Verify that user receives 6 digit OTP in registered mobile number/email","Verify that user receives 6 digit OTP in registered mobile number/email"
"passed","Fri Jun 05 12:54:35 UTC 2026","Fri Jun 05 12:55:49 UTC 2026","73851","intelehealth Web App Regression Test Suite","Regression Functional Regression Test","com.intelehealth.tests.CalendarPageTest","com.intelehealth.tests.CalendarPageTest","IDA4_1885_Calendar","IDA4_1885_Calendar_Verify whether user able to change/update the dates","Verify whether user able to change/update selected dates"
"failed","Fri Jun 05 10:47:43 UTC 2026","Fri Jun 05 10:48:14 UTC 2026","30968","intelehealth Web App Regression Test Suite","Regression Functional Regression Test","com.intelehealth.tests.SearchPageTest","com.intelehealth.tests.SearchPageTest","IDA4_1489_Search","IDA4-1489, Search using patient OpenMRS-ID","Search using patient OpenMRS-ID"
"broken","Fri Jun 05 12:13:49 UTC 2026","Fri Jun 05 12:14:42 UTC 2026","53174","intelehealth Web App Regression Test Suite","Regression Functional Regression Test","com.intelehealth.tests.CalendarPageTest","com.intelehealth.tests.CalendarPageTest","IDA4_1912_Calendar","IDA4_1912_Calendar_Verify that user can see the current week's dates and change the week","Verify that user can see the current week's dates and change the week"
"broken","Fri Jun 05 10:50:39 UTC 2026","Fri Jun 05 10:51:00 UTC 2026","20257","intelehealth Web App Regression Test Suite","Regression Functional Regression Test","com.intelehealth.tests.VideoFunctionalityTest","com.intelehealth.tests.VideoFunctionalityTest","IDA4_1848_VideoFunctionality","IDA4_1848_Verify on clicking Accept by HW during the video call","Verify on clicking Accept by HW during the video call"
"broken","Fri Jun 05 12:10:48 UTC 2026","Fri Jun 05 12:11:48 UTC 2026","59774","intelehealth Web App Regression Test Suite","Regression Functional Regression Test","com.intelehealth.tests.CalendarPageTest","com.intelehealth.tests.CalendarPageTest","IDA4_1907_Calendar","IDA4_1907_Calendar_Verify user can navigate to visit summary page by clicking  view details link on Follow-up visit details popup ","Verify user can navigate to visit summary page by clicking  view details link on Follow-up visit details popup "
"passed","Fri Jun 05 10:34:49 UTC 2026","Fri Jun 05 10:34:54 UTC 2026","5807","intelehealth Web App Regression Test Suite","Regression Functional Regression Test","com.intelehealth.tests.MessagesPageTest","com.intelehealth.tests.MessagesPageTest","verifySearchByPatientOpenMRSID","Verify Search by Patient OpenMRSID","Verify Search by Patient OpenMRSID"
"broken","Fri Jun 05 11:46:16 UTC 2026","Fri Jun 05 11:46:39 UTC 2026","23134","intelehealth Web App Regression Test Suite","Regression Functional Regression Test","com.intelehealth.tests.AwaitPriortyInProgressTest","com.intelehealth.tests.AwaitPriortyInProgressTest","IDA4_1761_StartVisitNote","IDA4_1761_StartVisitNote_Verify user is able to enter text in referral reason and remarks textfield","Verify user is able to enter text in referral reason and remarks textfield"
"broken","Fri Jun 05 13:02:49 UTC 2026","Fri Jun 05 13:03:13 UTC 2026","23990","intelehealth Web App Regression Test Suite","Regression Functional Regression Test","com.intelehealth.tests.ChangePasswordLanguageTest","com.intelehealth.tests.ChangePasswordLanguageTest","IDA4_1568_ChangePasswordLanguage","IDA4_1568_Verify user can login using new password","Verify user can login using new password"
"broken","Fri Jun 05 09:54:08 UTC 2026","Fri Jun 05 09:54:29 UTC 2026","21164","intelehealth Web App Regression Test Suite","Regression Functional Regression Test","com.intelehealth.tests.End2EndTest","com.intelehealth.tests.End2EndTest","IDA4_1676_End2End","IDA4_1676_End2End_Login, search patient, view, visit summary, whatsapp patient no","Login, search patient, view, visit summary, whatsapp patient no"
"broken","Fri Jun 05 11:48:28 UTC 2026","Fri Jun 05 11:48:52 UTC 2026","23307","intelehealth Web App Regression Test Suite","Regression Functional Regression Test","com.intelehealth.tests.AwaitPriortyInProgressTest","com.intelehealth.tests.AwaitPriortyInProgressTest","IDA4_1766_StartVisitNote","IDA4_1766_StartVisitNote_Verify only one radio button can be selected in followup section","Verify only one radio button can be selected in followup section"
"broken","Fri Jun 05 10:54:30 UTC 2026","Fri Jun 05 10:54:41 UTC 2026","10172","intelehealth Web App Regression Test Suite","Regression Functional Regression Test","com.intelehealth.tests.VisitSummaryPageTest","com.intelehealth.tests.VisitSummaryPageTest","IDA4_1814_VisitSummary","IDA4_1814_VisitSummary_Verify the Update prescription and View prescription buttons before updating any changes in visit summary page","Verify the Update prescription and View prescription buttons before updating any changes in visit summary page"
"broken","Fri Jun 05 11:21:18 UTC 2026","Fri Jun 05 11:21:41 UTC 2026","23155","intelehealth Web App Regression Test Suite","Regression Functional Regression Test","com.intelehealth.tests.AwaitPriortyInProgressTest","com.intelehealth.tests.AwaitPriortyInProgressTest","IDA4_1713_StartVisitNote","IDA4_1713_StartVisitNote_Verify when patient number is not available in patient interaction section","Verify when patient number is not available in patient interaction section"
"broken","Fri Jun 05 10:54:03 UTC 2026","Fri Jun 05 10:54:18 UTC 2026","15167","intelehealth Web App Regression Test Suite","Regression Functional Regression Test","com.intelehealth.tests.VisitSummaryPageTest","com.intelehealth.tests.VisitSummaryPageTest","IDA4_1812_VisitSummary","IDA4_1812_VisitSummary_Verify Current visit summary in visit summary page","Verify Current visit summary in visit summary page"
"broken","Fri Jun 05 10:16:11 UTC 2026","Fri Jun 05 10:16:31 UTC 2026","20165","intelehealth Web App Regression Test Suite","Regression Functional Regression Test","com.intelehealth.tests.ForgotUsernamePasswordTest","com.intelehealth.tests.ForgotUsernamePasswordTest","IDA4_1447_ForgotUNPW","IDA4_1447_Verify username is retrieved and user should be able to login","Verify username is retrieved and user should be able to login"
"broken","Fri Jun 05 10:51:14 UTC 2026","Fri Jun 05 10:51:34 UTC 2026","20221","intelehealth Web App Regression Test Suite","Regression Functional Regression Test","com.intelehealth.tests.VideoFunctionalityTest","com.intelehealth.tests.VideoFunctionalityTest","IDA4_1850_VideoFunctionality","IDA4_1850_Verify the video call page from HW side","Verify the video call page from HW side"
"broken","Fri Jun 05 10:28:38 UTC 2026","Fri Jun 05 10:29:07 UTC 2026","29044","intelehealth Web App Regression Test Suite","Regression Functional Regression Test","com.intelehealth.tests.HelpSupportLogoutTest","com.intelehealth.tests.HelpSupportLogoutTest","verifyNoDataDisplayedForSearchWhenThereAreNoTickets","Verify No Data message is displayed when searching When There Are No Tickets","Validates empty search result message When There Are No Tickets"
"broken","Fri Jun 05 11:43:32 UTC 2026","Fri Jun 05 11:44:10 UTC 2026","38772","intelehealth Web App Regression Test Suite","Regression Functional Regression Test","com.intelehealth.tests.AwaitPriortyInProgressTest","com.intelehealth.tests.AwaitPriortyInProgressTest","IDA4_1754_StartVisitNote","IDA4-1754, Verify add test functionality","Verify add test functionality"
"broken","Fri Jun 05 10:22:37 UTC 2026","Fri Jun 05 10:24:04 UTC 2026","86807","intelehealth Web App Regression Test Suite","Regression Functional Regression Test","com.intelehealth.tests.HelpSupportLogoutTest","com.intelehealth.tests.HelpSupportLogoutTest","IDA4_1648_HelpSupport","IDA4_1648_Verify the Logout functionality","Verify the Logout functionality"
"broken","Fri Jun 05 11:22:44 UTC 2026","Fri Jun 05 11:23:20 UTC 2026","36797","intelehealth Web App Regression Test Suite","Regression Functional Regression Test","com.intelehealth.tests.AwaitPriortyInProgressTest","com.intelehealth.tests.AwaitPriortyInProgressTest","IDA4_1715_StartVisitNote","IDA4_1715_StartVisitNote_Verify clicking on whatsapp feature in patient interaction section","Verify clicking on whatsapp feature in patient interaction section"
"broken","Fri Jun 05 11:32:05 UTC 2026","Fri Jun 05 11:32:28 UTC 2026","23231","intelehealth Web App Regression Test Suite","Regression Functional Regression Test","com.intelehealth.tests.AwaitPriortyInProgressTest","com.intelehealth.tests.AwaitPriortyInProgressTest","IDA4_1733_StartVisitNote","IDA4_1733_StartVisitNote_Verify if the selected days appears if selected","Verify if the selected days appears if selected"
"passed","Fri Jun 05 10:22:21 UTC 2026","Fri Jun 05 10:22:25 UTC 2026","3510","intelehealth Web App Regression Test Suite","Regression Functional Regression Test","com.intelehealth.tests.ForgotUsernamePasswordTest","com.intelehealth.tests.ForgotUsernamePasswordTest","IDA4_1483_ForgotUNPW","IDA4_1483_Verify that user is able to Login using new password","Verify that user is able to Login using new password"
"broken","Fri Jun 05 11:41:40 UTC 2026","Fri Jun 05 11:42:01 UTC 2026","20214","intelehealth Web App Regression Test Suite","Regression Functional Regression Test","com.intelehealth.tests.AwaitPriortyInProgressTest","com.intelehealth.tests.AwaitPriortyInProgressTest","IDA4_1751_StartVisitNote","IDA4-1751, Verify add test functionality","Test is added to the respective field patient after starting the visit"
"broken","Fri Jun 05 10:32:50 UTC 2026","Fri Jun 05 10:33:25 UTC 2026","35002","intelehealth Web App Regression Test Suite","Regression Functional Regression Test","com.intelehealth.tests.HelpSupportLogoutTest","com.intelehealth.tests.HelpSupportLogoutTest","verifyPrioritySelectionInCreateTicket","Verify Priority Selection","Verify Priority Selection"
"broken","Fri Jun 05 11:33:18 UTC 2026","Fri Jun 05 11:33:58 UTC 2026","39697","intelehealth Web App Regression Test Suite","Regression Functional Regression Test","com.intelehealth.tests.AwaitPriortyInProgressTest","com.intelehealth.tests.AwaitPriortyInProgressTest","IDA4_1735_StartVisitNote","IDA4-1735,Verify if the selected time appears once chosen","Verify if the selected time appears once chosen"
"skipped","Fri Jun 05 11:56:51 UTC 2026","Fri Jun 05 11:56:51 UTC 2026","3","intelehealth Web App Regression Test Suite","Regression Functional Regression Test","com.intelehealth.tests.AppointmentPageTest","com.intelehealth.tests.AppointmentPageTest","IDA4_1793_Appointments","IDA4_1793_Appointments_Verify clicking on Cancel button on cancel the appointment popup","Verify clicking on Cancel button on cancel the appointment popup"
"broken","Fri Jun 05 12:00:42 UTC 2026","Fri Jun 05 12:01:02 UTC 2026","20232","intelehealth Web App Regression Test Suite","Regression Functional Regression Test","com.intelehealth.tests.CalendarPageTest","com.intelehealth.tests.CalendarPageTest","IDA4_1896_Calendar","IDA4_1896_Calendar_Verify that Gender and Age is displayed beside patient name and Nurse name is displayed in the popup","Verify that Gender and Age is displayed beside patient name and Nurse name is displayed in the popup"
"broken","Fri Jun 05 11:25:06 UTC 2026","Fri Jun 05 11:25:29 UTC 2026","23171","intelehealth Web App Regression Test Suite","Regression Functional Regression Test","com.intelehealth.tests.AwaitPriortyInProgressTest","com.intelehealth.tests.AwaitPriortyInProgressTest","IDA4_1719_StartVisitNote","IDA4_1719_StartVisitNote_Verify Select Diagnosis drop down under Diagnosis section","Verify Select Diagnosis drop down under Diagnosis section"
"broken","Fri Jun 05 10:32:08 UTC 2026","Fri Jun 05 10:32:37 UTC 2026","28712","intelehealth Web App Regression Test Suite","Regression Functional Regression Test","com.intelehealth.tests.HelpSupportLogoutTest","com.intelehealth.tests.HelpSupportLogoutTest","verifyCancelButtonFuntionalityInCreateTicketModal","Verify cancel button functionality","Verify cancel button functionality"
"failed","Fri Jun 05 09:46:29 UTC 2026","Fri Jun 05 09:46:49 UTC 2026","20249","intelehealth Web App Regression Test Suite","Regression Functional Regression Test","com.intelehealth.tests.DashboardPageTest","com.intelehealth.tests.DashboardPageTest","IDA4_1_Dashboard","IDA4_1597_Dashboard_Verify that user can navigate to visit summary page on clicking any of the in-progress visits","Verify that user can navigate to visit summary page on clicking any of the in-progress visits"
"broken","Fri Jun 05 10:09:55 UTC 2026","Fri Jun 05 10:10:15 UTC 2026","20260","intelehealth Web App Regression Test Suite","Regression Functional Regression Test","com.intelehealth.tests.FilterTest","com.intelehealth.tests.FilterTest","verifyApplyButtonWithoutSelectingRange","Verify Apply button without selecting Range ","Verify Apply button without selecting Date or Range "
"broken","Fri Jun 05 11:19:28 UTC 2026","Fri Jun 05 11:19:51 UTC 2026","23285","intelehealth Web App Regression Test Suite","Regression Functional Regression Test","com.intelehealth.tests.AwaitPriortyInProgressTest","com.intelehealth.tests.AwaitPriortyInProgressTest","IDA4_1709_StartVisitNote","IDA4_1709_StartVisitNote_Verify on clicking Confirm in the popup on re-assigning to another specialist","Verify on clicking Confirm in the popup on re-assigning to another specialist"
"broken","Fri Jun 05 12:35:39 UTC 2026","Fri Jun 05 12:35:59 UTC 2026","20238","intelehealth Web App Regression Test Suite","Regression Functional Regression Test","com.intelehealth.tests.CalendarPageTest","com.intelehealth.tests.CalendarPageTest","IDA4_1865_Calendar","IDA4_1865_Calendar_Verify that user can select the time from dropdown","Verify that user can select the time from dropdown"
"broken","Fri Jun 05 11:20:05 UTC 2026","Fri Jun 05 11:20:28 UTC 2026","23223","intelehealth Web App Regression Test Suite","Regression Functional Regression Test","com.intelehealth.tests.AwaitPriortyInProgressTest","com.intelehealth.tests.AwaitPriortyInProgressTest","IDA4_1710_StartVisitNote","IDA4_1710_StartVisitNote_Verify clicking on Start visit note","Verify clicking on Start visit note"
"broken","Fri Jun 05 11:38:30 UTC 2026","Fri Jun 05 11:38:51 UTC 2026","20169","intelehealth Web App Regression Test Suite","Regression Functional Regression Test","com.intelehealth.tests.AwaitPriortyInProgressTest","com.intelehealth.tests.AwaitPriortyInProgressTest","IDA4_1746_StartVisitNote","IDA4-1746, Verify if the selected advice appears if choosed under advice section","Verify if the selected advice appears if choosed under advice section"
"skipped","Fri Jun 05 11:56:51 UTC 2026","Fri Jun 05 11:56:51 UTC 2026","3","intelehealth Web App Regression Test Suite","Regression Functional Regression Test","com.intelehealth.tests.AppointmentPageTest","com.intelehealth.tests.AppointmentPageTest","IDA4_1790_Appointments","IDA4_1790 Verify user is able to cancel the already completed appointments","Verify user is able to cancel the already completed appointments"
"failed","Fri Jun 05 11:57:05 UTC 2026","Fri Jun 05 11:59:24 UTC 2026","139000","intelehealth Web App Regression Test Suite","Regression Functional Regression Test","com.intelehealth.tests.CalendarPageTest","com.intelehealth.tests.CalendarPageTest","IDA4_1857_Calendar","IDA4_1857_Calendar_Verify the UI elements of calendar page","Verify the UI elements of calendar page"
"broken","Fri Jun 05 10:38:54 UTC 2026","Fri Jun 05 10:39:21 UTC 2026","27149","intelehealth Web App Regression Test Suite","Regression Functional Regression Test","com.intelehealth.tests.MessagesPageTest","com.intelehealth.tests.MessagesPageTest","VerifySearchWithInvalidPatientOpenMRSID","Verify Search with Invalid Patient OpenMRSID","Verify Search with Invalid Patient OpenMRSID"
"broken","Fri Jun 05 09:52:23 UTC 2026","Fri Jun 05 09:52:43 UTC 2026","20250","intelehealth Web App Regression Test Suite","Regression Functional Regression Test","com.intelehealth.tests.End2EndTest","com.intelehealth.tests.End2EndTest","IDA4_1673_End2End","IDA4_1673_End2End_Login, in-progress visit, visit summary, start visit note, share/update/view prescription","Login, in-progress visit, visit summary, start visit note, share/update/view prescription"
"passed","Fri Jun 05 09:36:14 UTC 2026","Fri Jun 05 09:38:14 UTC 2026","120315","intelehealth Web App Regression Test Suite","Regression Functional Regression Test","com.intelehealth.tests.DashboardPageTest","com.intelehealth.tests.DashboardPageTest","IDA4_1577_Dashboard","IDA4_1577_Dashboard_Verify that appointment section shows all the appointments scheduled","Verify that appointment section shows all the appointments scheduled"
"broken","Fri Jun 05 10:55:40 UTC 2026","Fri Jun 05 10:55:50 UTC 2026","10190","intelehealth Web App Regression Test Suite","Regression Functional Regression Test","com.intelehealth.tests.VisitSummaryPageTest","com.intelehealth.tests.VisitSummaryPageTest","IDA4_1817_VisitSummary","IDA4_1817_VisitSummary_Verify the functionality of view prescription button in visit summary page","Verify the functionality of view prescription button in visit summary page"
"failed","Fri Jun 05 10:05:49 UTC 2026","Fri Jun 05 10:06:16 UTC 2026","26742","intelehealth Web App Regression Test Suite","Regression Functional Regression Test","com.intelehealth.tests.FilterTest","com.intelehealth.tests.FilterTest","VerifyFilterPopupOpensonClickingFilterIcon","Verify Filter popup opens on clicking Filter icon","Verify Filter popup opens on clicking Filter icon"
"passed","Fri Jun 05 12:49:58 UTC 2026","Fri Jun 05 12:51:15 UTC 2026","76869","intelehealth Web App Regression Test Suite","Regression Functional Regression Test","com.intelehealth.tests.CalendarPageTest","com.intelehealth.tests.CalendarPageTest","IDA4_1880_Calendar","IDA4_1880_Calendar_Verify whether user can select multiple dates in month under days off section","Verify whether user can select multiple dates in month under days off section"
"broken","Fri Jun 05 10:56:03 UTC 2026","Fri Jun 05 10:56:13 UTC 2026","10180","intelehealth Web App Regression Test Suite","Regression Functional Regression Test","com.intelehealth.tests.VisitSummaryPageTest","com.intelehealth.tests.VisitSummaryPageTest","IDA4_1818_VisitSummary","IDA4_1818_VisitSummary_Verify the functionality of update prescription button in visit summary page","Verify the functionality of update prescription button in visit summary page"
"broken","Fri Jun 05 12:09:35 UTC 2026","Fri Jun 05 12:10:35 UTC 2026","60049","intelehealth Web App Regression Test Suite","Regression Functional Regression Test","com.intelehealth.tests.CalendarPageTest","com.intelehealth.tests.CalendarPageTest","IDA4_1906_Calendar","IDA4_1906_Calendar_Verify that user can view the FollowUp visit details screen","Verify that user can view the FollowUp visit details screen"
"passed","Fri Jun 05 09:38:25 UTC 2026","Fri Jun 05 09:38:29 UTC 2026","3776","intelehealth Web App Regression Test Suite","Regression Functional Regression Test","com.intelehealth.tests.DashboardPageTest","com.intelehealth.tests.DashboardPageTest","IDA4_1578_Dashboard","IDA4_1578_Verify that Appointment header shows correct count of appointments","Verify Dashboard screen is displayed after Login"
"passed","Fri Jun 05 10:45:38 UTC 2026","Fri Jun 05 10:46:09 UTC 2026","31149","intelehealth Web App Regression Test Suite","Regression Functional Regression Test","com.intelehealth.tests.ProfilePageTest","com.intelehealth.tests.ProfilePageTest","IDA4_1534_Profile","IDA4_1534_Verify that user can add signature by Uploading jpg, jpeg and png images between 5kb to 50kb sizes.","Verify that user can add signature by Uploading jpg, jpeg and png images between 5kb to 50kb sizes."
"passed","Fri Jun 05 09:39:00 UTC 2026","Fri Jun 05 09:40:21 UTC 2026","81243","intelehealth Web App Regression Test Suite","Regression Functional Regression Test","com.intelehealth.tests.DashboardPageTest","com.intelehealth.tests.DashboardPageTest","IDA4_1583_Dashboard","IDA4_1583_Dashboard_Verify that priority visits section shows all the priority visits scheduled","Verify that priority visits section shows all the priority visits scheduled"
"passed","Fri Jun 05 09:32:26 UTC 2026","Fri Jun 05 09:32:26 UTC 2026","72","intelehealth Web App Regression Test Suite","Regression Functional Regression Test","com.intelehealth.tests.LoginPageTest","com.intelehealth.tests.LoginPageTest","IDA4_1432_Login","IDA4_1432_Login_Verify language drop down on login page","Verify language drop down on login page"
"broken","Fri Jun 05 12:31:19 UTC 2026","Fri Jun 05 12:32:51 UTC 2026","91216","intelehealth Web App Regression Test Suite","Regression Functional Regression Test","com.intelehealth.tests.CalendarPageTest","com.intelehealth.tests.CalendarPageTest","IDA4_1861_Calendar","IDA4_1861_Calendar_Verify the doctor availability schedule","Verify the doctor availability schedule"
"broken","Fri Jun 05 11:37:57 UTC 2026","Fri Jun 05 11:38:18 UTC 2026","20260","intelehealth Web App Regression Test Suite","Regression Functional Regression Test","com.intelehealth.tests.AwaitPriortyInProgressTest","com.intelehealth.tests.AwaitPriortyInProgressTest","IDA4_1745_StartVisitNote","IDA4-1745, Verify user is able to enter text and add advice functionality","Verify delete icon functionality for instructions under medication section"
"broken","Fri Jun 05 10:35:08 UTC 2026","Fri Jun 05 10:35:35 UTC 2026","27083","intelehealth Web App Regression Test Suite","Regression Functional Regression Test","com.intelehealth.tests.MessagesPageTest","com.intelehealth.tests.MessagesPageTest","verifyOpeningAPatientConversation","verify Opening A Patient Conversation","verify Opening A Patient Conversation"
"broken","Fri Jun 05 10:27:25 UTC 2026","Fri Jun 05 10:27:45 UTC 2026","20251","intelehealth Web App Regression Test Suite","Regression Functional Regression Test","com.intelehealth.tests.HelpSupportLogoutTest","com.intelehealth.tests.HelpSupportLogoutTest","verifySearchFIeldisVisibleAndInEnabledStates","verify Search FIeld is Visible and in enabled state","verify Search FIeld is Visible and in enabled state"
"broken","Fri Jun 05 11:21:55 UTC 2026","Fri Jun 05 11:22:29 UTC 2026","33731","intelehealth Web App Regression Test Suite","Regression Functional Regression Test","com.intelehealth.tests.AwaitPriortyInProgressTest","com.intelehealth.tests.AwaitPriortyInProgressTest","IDA4_1714_StartVisitNote","IDA4_1714_StartVisitNote_Verify clicking on call feature in patient interaction section","Verify clicking on call feature in patient interaction section"
"broken","Fri Jun 05 11:39:49 UTC 2026","Fri Jun 05 11:40:26 UTC 2026","37200","intelehealth Web App Regression Test Suite","Regression Functional Regression Test","com.intelehealth.tests.AwaitPriortyInProgressTest","com.intelehealth.tests.AwaitPriortyInProgressTest","IDA4_1748_StartVisitNote","IDA4-1748, Verify delete advice functionality","Advice is deleted to the patient after starting the visit"
"skipped","Fri Jun 05 11:56:51 UTC 2026","Fri Jun 05 11:56:51 UTC 2026","2","intelehealth Web App Regression Test Suite","Regression Functional Regression Test","com.intelehealth.tests.AppointmentPageTest","com.intelehealth.tests.AppointmentPageTest","IDA4_1796_Appointments","IDA4_1796_Appointments_Verify date selection for rescheduling appointment","Verify date selection for rescheduling appointment"
"broken","Fri Jun 05 10:43:42 UTC 2026","Fri Jun 05 10:44:02 UTC 2026","20247","intelehealth Web App Regression Test Suite","Regression Functional Regression Test","com.intelehealth.tests.PrescriptionPageTest","com.intelehealth.tests.PrescriptionPageTest","IDA4_1615_Prescription","Verify the count of records shown at the bottom is correct","Verify the count of records shown at the bottom is correct"
"skipped","Fri Jun 05 11:56:51 UTC 2026","Fri Jun 05 11:56:51 UTC 2026","3","intelehealth Web App Regression Test Suite","Regression Functional Regression Test","com.intelehealth.tests.AppointmentPageTest","com.intelehealth.tests.AppointmentPageTest","IDA4_1801_Appointments","IDA4_1801_Appointments_Verify whether the Rescheduled time slot reflects in Starts in column","Verify whether the Rescheduled time slot reflects in Starts in column"
"broken","Fri Jun 05 11:20:41 UTC 2026","Fri Jun 05 11:21:05 UTC 2026","23205","intelehealth Web App Regression Test Suite","Regression Functional Regression Test","com.intelehealth.tests.AwaitPriortyInProgressTest","com.intelehealth.tests.AwaitPriortyInProgressTest","IDA4_1712_StartVisitNote","IDA4_1712_StartVisitNote_Verify patient interaction section","Verify patient interaction section"
"broken","Fri Jun 05 11:54:22 UTC 2026","Fri Jun 05 11:54:59 UTC 2026","37000","intelehealth Web App Regression Test Suite","Regression Functional Regression Test","com.intelehealth.tests.AwaitPriortyInProgressTest","com.intelehealth.tests.AwaitPriortyInProgressTest","IDA4_1778_StartVisitNote","IDA4_1778_StartVisitNote_Verify doctor should be able to select only one option for question: Have you spoken with patient","Verify doctor should be able to select only one option for question: Have you spoken with patient"
"broken","Fri Jun 05 12:23:56 UTC 2026","Fri Jun 05 12:26:44 UTC 2026","168348","intelehealth Web App Regression Test Suite","Regression Functional Regression Test","com.intelehealth.tests.CalendarPageTest","com.intelehealth.tests.CalendarPageTest","IDA4_1923_Calendar","IDA4_1923_Calendar_Verify user can set the off hours","Verify user can set the off hours"
"broken","Fri Jun 05 10:26:25 UTC 2026","Fri Jun 05 10:27:10 UTC 2026","45142","intelehealth Web App Regression Test Suite","Regression Functional Regression Test","com.intelehealth.tests.HelpSupportLogoutTest","com.intelehealth.tests.HelpSupportLogoutTest","verifyCreateTicketPopupElementsAndTexts","Verify Create Ticket popup UI elements and important texts","Verify that all Create Ticket popup UI elements are displayed and header, title, and submit button texts match expected values"
"broken","Fri Jun 05 11:26:36 UTC 2026","Fri Jun 05 11:26:59 UTC 2026","23252","intelehealth Web App Regression Test Suite","Regression Functional Regression Test","com.intelehealth.tests.AwaitPriortyInProgressTest","com.intelehealth.tests.AwaitPriortyInProgressTest","IDA4_1721_StartVisitNote","IDA4_1721_StartVisitNote_Verify delete icon functionality under Diagnosis section","Verify delete icon functionality under Diagnosis section"
"broken","Fri Jun 05 12:14:55 UTC 2026","Fri Jun 05 12:15:55 UTC 2026","59267","intelehealth Web App Regression Test Suite","Regression Functional Regression Test","com.intelehealth.tests.CalendarPageTest","com.intelehealth.tests.CalendarPageTest","IDA4_1913_Calendar","IDA4_1913_Calendar_Verify that All the appointment & Follow up visits display in Selected week","Verify that All the appointment & Follow up visits display in Selected week"
"broken","Fri Jun 05 12:47:34 UTC 2026","Fri Jun 05 12:48:30 UTC 2026","56571","intelehealth Web App Regression Test Suite","Regression Functional Regression Test","com.intelehealth.tests.CalendarPageTest","com.intelehealth.tests.CalendarPageTest","IDA4_1877_Calendar","IDA4_1877_Calendar_Verify the confirm popup when clicked on Save under days off section","Verify the confirm popup when clicked on Save under days off section"
"broken","Fri Jun 05 12:30:11 UTC 2026","Fri Jun 05 12:31:06 UTC 2026","55717","intelehealth Web App Regression Test Suite","Regression Functional Regression Test","com.intelehealth.tests.CalendarPageTest","com.intelehealth.tests.CalendarPageTest","IDA4_1859_Calendar","IDA4_1859_Verify clicking on any of the month in calendar","Verify clicking on any of the month in calendar"
"broken","Fri Jun 05 12:02:39 UTC 2026","Fri Jun 05 12:03:34 UTC 2026","54037","intelehealth Web App Regression Test Suite","Regression Functional Regression Test","com.intelehealth.tests.CalendarPageTest","com.intelehealth.tests.CalendarPageTest","IDA4_1898_Calendar","IDA4_1898_Calendar_Verify that Appointment status , Prescription created message , Nurse name displaying correctly on appointment details popup","Verify that Appointment status , Prescription created message , Nurse name displaying correctly on appointment details popup"
"passed","Fri Jun 05 09:31:22 UTC 2026","Fri Jun 05 09:32:06 UTC 2026","43676","intelehealth Web App Regression Test Suite","Regression Functional Regression Test","com.intelehealth.tests.LoginPageTest","com.intelehealth.tests.LoginPageTest","IDA4_1420_Login","IDA4_1420_Login_Verify that user can navigate to Login screen","Verify that user can navigate to Login screen"
"failed","Fri Jun 05 09:45:58 UTC 2026","Fri Jun 05 09:46:18 UTC 2026","20253","intelehealth Web App Regression Test Suite","Regression Functional Regression Test","com.intelehealth.tests.DashboardPageTest","com.intelehealth.tests.DashboardPageTest","IDA4_1597_Dashboard","IDA4_1597_Dashboard_Verify that user can navigate to visit summary page on clicking any of the in-progress visits","Verify that user can navigate to visit summary page on clicking any of the in-progress visits"
"broken","Fri Jun 05 10:00:33 UTC 2026","Fri Jun 05 10:00:53 UTC 2026","20243","intelehealth Web App Regression Test Suite","Regression Functional Regression Test","com.intelehealth.tests.End2EndTest","com.intelehealth.tests.End2EndTest","IDA4_1682_End2End","IDA4_1682_End2End_Login, calendar, view calendar, followup visit, provide prescription","Login, calendar, view calendar, followup visit, provide prescription"
"broken","Fri Jun 05 11:23:33 UTC 2026","Fri Jun 05 11:24:15 UTC 2026","41939","intelehealth Web App Regression Test Suite","Regression Functional Regression Test","com.intelehealth.tests.AwaitPriortyInProgressTest","com.intelehealth.tests.AwaitPriortyInProgressTest","IDA4_1716_StartVisitNote","IDA4_1716_StartVisitNote_Verify Save functionality in patient interaction section","Verify Save functionality in patient interaction section"
"broken","Fri Jun 05 11:32:42 UTC 2026","Fri Jun 05 11:33:05 UTC 2026","23136","intelehealth Web App Regression Test Suite","Regression Functional Regression Test","com.intelehealth.tests.AwaitPriortyInProgressTest","com.intelehealth.tests.AwaitPriortyInProgressTest","IDA4_1734_StartVisitNote","IDA4_1734_StartVisitNote_Verify if user can type in timings dropdown","Verify if user can type in timings dropdown"
"broken","Fri Jun 05 11:49:06 UTC 2026","Fri Jun 05 11:49:30 UTC 2026","23225","intelehealth Web App Regression Test Suite","Regression Functional Regression Test","com.intelehealth.tests.AwaitPriortyInProgressTest","com.intelehealth.tests.AwaitPriortyInProgressTest","IDA4_1767_StartVisitNote","IDA4_1767_StartVisitNote_Verify on clicking Yes in followup section","Verify on clicking Yes in followup section"
"broken","Fri Jun 05 10:14:54 UTC 2026","Fri Jun 05 10:15:15 UTC 2026","20166","intelehealth Web App Regression Test Suite","Regression Functional Regression Test","com.intelehealth.tests.ForgotUsernamePasswordTest","com.intelehealth.tests.ForgotUsernamePasswordTest","IDA4_1440_ForgotUNPW","IDA4_1440_Verify that user gets the Forgot username screen on clicking the link","Verify that user gets the Forgot username screen on clicking the link"
"broken","Fri Jun 05 10:10:28 UTC 2026","Fri Jun 05 10:10:49 UTC 2026","20253","intelehealth Web App Regression Test Suite","Regression Functional Regression Test","com.intelehealth.tests.FilterTest","com.intelehealth.tests.FilterTest","verifyBehaviorWhenNoVistsExistForSelectedDate","Verify behavior when no vists exist for selected Date","Verify behavior when no vists exist for selected Date"
"broken","Fri Jun 05 11:25:42 UTC 2026","Fri Jun 05 11:26:22 UTC 2026","40069","intelehealth Web App Regression Test Suite","Regression Functional Regression Test","com.intelehealth.tests.AwaitPriortyInProgressTest","com.intelehealth.tests.AwaitPriortyInProgressTest","IDA4_1720_StartVisitNote","IDA4_1720_StartVisitNote_Verify Add functionality under Diagnosis section","Verify Add functionality under Diagnosis section"
"passed","Fri Jun 05 09:32:13 UTC 2026","Fri Jun 05 09:32:13 UTC 2026","72","intelehealth Web App Regression Test Suite","Regression Functional Regression Test","com.intelehealth.tests.LoginPageTest","com.intelehealth.tests.LoginPageTest","IDA4_1421_Login","IDA4_1421_Login_Verify if a user will be able to login with a valid username and valid password","Verify if a user will be able to login with a valid username and valid password"
"broken","Fri Jun 05 11:37:23 UTC 2026","Fri Jun 05 11:37:43 UTC 2026","20208","intelehealth Web App Regression Test Suite","Regression Functional Regression Test","com.intelehealth.tests.AwaitPriortyInProgressTest","com.intelehealth.tests.AwaitPriortyInProgressTest","IDA4_1743_StartVisitNote","IDA4-1743, Verify delete icon functionality for instructions under medication section","Verify delete icon functionality for instructions under medication section"
"failed","Fri Jun 05 11:56:51 UTC 2026","Fri Jun 05 11:56:51 UTC 2026","0","intelehealth Web App Regression Test Suite","Regression Functional Regression Test","com.intelehealth.tests.AppointmentPageTest","com.intelehealth.tests.AppointmentPageTest","setUp","setUp",""
"failed","Fri Jun 05 09:52:59 UTC 2026","Fri Jun 05 09:53:19 UTC 2026","20220","intelehealth Web App Regression Test Suite","Regression Functional Regression Test","com.intelehealth.tests.End2EndTest","com.intelehealth.tests.End2EndTest","IDA4_1674_End2End","IDA4_1674_End2End_Login, awaiting/appointment/in-progress/priority, visit summary, past visit history, view visit summary","Login, awaiting/appointment/in-progress/priority, visit summary, past visit history, view visit summary"
"broken","Fri Jun 05 10:29:21 UTC 2026","Fri Jun 05 10:29:53 UTC 2026","31575","intelehealth Web App Regression Test Suite","Regression Functional Regression Test","com.intelehealth.tests.HelpSupportLogoutTest","com.intelehealth.tests.HelpSupportLogoutTest","verifyCreateTicket","Verify creation of ticket","Verify creation of ticket"
"broken","Fri Jun 05 12:53:30 UTC 2026","Fri Jun 05 12:54:21 UTC 2026","50905","intelehealth Web App Regression Test Suite","Regression Functional Regression Test","com.intelehealth.tests.CalendarPageTest","com.intelehealth.tests.CalendarPageTest","IDA4_1884_Calendar","IDA4_1884_Calendar_Verify clicking confirm in the popup when dates are to be removed under days off section","Verify clicking confirm in the popup when dates are to be removed under days off section"
"broken","Fri Jun 05 11:18:51 UTC 2026","Fri Jun 05 11:19:14 UTC 2026","23288","intelehealth Web App Regression Test Suite","Regression Functional Regression Test","com.intelehealth.tests.AwaitPriortyInProgressTest","com.intelehealth.tests.AwaitPriortyInProgressTest","IDA4_1708_StartVisitNote","IDA4_1708_StartVisitNote_Verify clicking on Re-assign button in refer to specialist section","Verify clicking on Re-assign button in refer to specialist section"
"broken","Fri Jun 05 10:15:45 UTC 2026","Fri Jun 05 10:16:05 UTC 2026","20167","intelehealth Web App Regression Test Suite","Regression Functional Regression Test","com.intelehealth.tests.ForgotUsernamePasswordTest","com.intelehealth.tests.ForgotUsernamePasswordTest","IDA4_1446_ForgotUNPW","IDA4_1446_Verify user should get the OTP through mobile number","Verify user should get the OTP through mobile number"
"broken","Fri Jun 05 10:20:20 UTC 2026","Fri Jun 05 10:20:40 UTC 2026","20181","intelehealth Web App Regression Test Suite","Regression Functional Regression Test","com.intelehealth.tests.ForgotUsernamePasswordTest","com.intelehealth.tests.ForgotUsernamePasswordTest","IDA4_1471_ForgotUNPW","IDA4_1471_Verify entering username and clicking Next","Verify entering username and clicking Next"
"broken","Fri Jun 05 11:36:46 UTC 2026","Fri Jun 05 11:37:09 UTC 2026","23293","intelehealth Web App Regression Test Suite","Regression Functional Regression Test","com.intelehealth.tests.AwaitPriortyInProgressTest","com.intelehealth.tests.AwaitPriortyInProgressTest","IDA4_1742_StartVisitNote","IDA4_1742_StartVisitNote_Verify if multiple instructions can be added under medication section","Verify if multiple instructions can be added under medication section"
"broken","Fri Jun 05 12:38:19 UTC 2026","Fri Jun 05 12:40:11 UTC 2026","112758","intelehealth Web App Regression Test Suite","Regression Functional Regression Test","com.intelehealth.tests.CalendarPageTest","com.intelehealth.tests.CalendarPageTest","IDA4_1868_Calendar","IDA4_1868_Calendar_Verify delete functionality in calendar","Verify delete functionality in calendar"
"skipped","Fri Jun 05 11:56:51 UTC 2026","Fri Jun 05 11:56:51 UTC 2026","3","intelehealth Web App Regression Test Suite","Regression Functional Regression Test","com.intelehealth.tests.AppointmentPageTest","com.intelehealth.tests.AppointmentPageTest","IDA4_1794_Appointments","IDA4_1794_Appointments_Verify the functionality of 'Reschedule' action","Verify the functionality of 'Reschedule' action"
"broken","Fri Jun 05 10:14:27 UTC 2026","Fri Jun 05 10:14:47 UTC 2026","20241","intelehealth Web App Regression Test Suite","Regression Functional Regression Test","com.intelehealth.tests.FilterTest","com.intelehealth.tests.FilterTest","verifyApplyWithoutSelectingToDateAfterChoosingRangeOption","Click Apply without selecting To date in Range","Click Apply without selecting To date in Range"
"broken","Fri Jun 05 10:16:36 UTC 2026","Fri Jun 05 10:16:56 UTC 2026","20176","intelehealth Web App Regression Test Suite","Regression Functional Regression Test","com.intelehealth.tests.ForgotUsernamePasswordTest","com.intelehealth.tests.ForgotUsernamePasswordTest","IDA4_1448_ForgotUNPW","IDA4_1448_Verify the Resend functionality","Verify the Resend functionality"
"skipped","Fri Jun 05 11:56:51 UTC 2026","Fri Jun 05 11:56:51 UTC 2026","5","intelehealth Web App Regression Test Suite","Regression Functional Regression Test","com.intelehealth.tests.AppointmentPageTest","com.intelehealth.tests.AppointmentPageTest","IDA4_1784_Appointments","IDA4_1784_Appointments_Verify the UI elements of Appointment page","Verify the UI elements of Appointment page"
"broken","Fri Jun 05 10:35:50 UTC 2026","Fri Jun 05 10:36:27 UTC 2026","37256","intelehealth Web App Regression Test Suite","Regression Functional Regression Test","com.intelehealth.tests.MessagesPageTest","com.intelehealth.tests.MessagesPageTest","verifyMessageHistoryIsDisplayed","Verify Message History Is Displayed","Verify Message History Is Displayed"
"broken","Fri Jun 05 10:06:30 UTC 2026","Fri Jun 05 10:07:05 UTC 2026","35059","intelehealth Web App Regression Test Suite","Regression Functional Regression Test","com.intelehealth.tests.FilterTest","com.intelehealth.tests.FilterTest","VerifyFilteringAppointmentsUsingSingleDate","Verify Filtering Appointments Using Single Date","Verify Filtering Appointments Using Single Date"
"broken","Fri Jun 05 11:39:04 UTC 2026","Fri Jun 05 11:39:35 UTC 2026","31389","intelehealth Web App Regression Test Suite","Regression Functional Regression Test","com.intelehealth.tests.AwaitPriortyInProgressTest","com.intelehealth.tests.AwaitPriortyInProgressTest","IDA4_1747_StartVisitNote","IDA4-1747, Verify add advice functionality","Advice is added to the patient after starting the visit"
"broken","Fri Jun 05 12:12:01 UTC 2026","Fri Jun 05 12:13:02 UTC 2026","60914","intelehealth Web App Regression Test Suite","Regression Functional Regression Test","com.intelehealth.tests.CalendarPageTest","com.intelehealth.tests.CalendarPageTest","IDA4_1908_Calendar","IDA4_1908_Calendar_Verify Edit Prescription Button","Verify Edit Prescription Button"
"broken","Fri Jun 05 12:18:59 UTC 2026","Fri Jun 05 12:20:47 UTC 2026","107648","intelehealth Web App Regression Test Suite","Regression Functional Regression Test","com.intelehealth.tests.CalendarPageTest","com.intelehealth.tests.CalendarPageTest","IDA4_1917_Calendar","IDA4_1917_Calendar_Verify that user can navigate to the selected date popup","Verify that user can navigate to the selected date popup"
"broken","Fri Jun 05 11:34:11 UTC 2026","Fri Jun 05 11:34:32 UTC 2026","20362","intelehealth Web App Regression Test Suite","Regression Functional Regression Test","com.intelehealth.tests.AwaitPriortyInProgressTest","com.intelehealth.tests.AwaitPriortyInProgressTest","IDA4_1736_StartVisitNote","IDA4-1736,Verify if user can type in Remarks textbox and if numbers or special characters are allowed","Verify if user can type in Remarks textbox and if numbers or special characters are allowed"
"failed","Fri Jun 05 10:38:15 UTC 2026","Fri Jun 05 10:38:40 UTC 2026","25759","intelehealth Web App Regression Test Suite","Regression Functional Regression Test","com.intelehealth.tests.MessagesPageTest","com.intelehealth.tests.MessagesPageTest","verifyMessageDateDisplay","Verify Message Date Display","Verify Message Date Display"
"broken","Fri Jun 05 10:56:48 UTC 2026","Fri Jun 05 10:56:58 UTC 2026","10167","intelehealth Web App Regression Test Suite","Regression Functional Regression Test","com.intelehealth.tests.VisitSummaryPageTest","com.intelehealth.tests.VisitSummaryPageTest","IDA4_1820_VisitSummary","IDA4_1820_VisitSummary_Verify past visit history section on Visit summary page","Verify past visit history section on Visit summary page"
"broken","Fri Jun 05 12:26:58 UTC 2026","Fri Jun 05 12:28:56 UTC 2026","118478","intelehealth Web App Regression Test Suite","Regression Functional Regression Test","com.intelehealth.tests.CalendarPageTest","com.intelehealth.tests.CalendarPageTest","IDA4_1918_Calendar","IDA4_1918_Calendar_Verify that user is able to mark as day off and All the appointments & Follow ups auto cancelled for the Day off","Verify that user is able to mark as day off and All the appointments & Follow ups auto cancelled for the Day off"
"broken","Fri Jun 05 10:50:06 UTC 2026","Fri Jun 05 10:50:26 UTC 2026","20284","intelehealth Web App Regression Test Suite","Regression Functional Regression Test","com.intelehealth.tests.VideoFunctionalityTest","com.intelehealth.tests.VideoFunctionalityTest","IDA4_1847_VideoFunctionality","IDA4_1847_Verify when doctor initiates the call, HW gets the incoming call","Verify when doctor initiates the call, HW gets the incoming call"
"broken","Fri Jun 05 12:33:04 UTC 2026","Fri Jun 05 12:33:24 UTC 2026","20221","intelehealth Web App Regression Test Suite","Regression Functional Regression Test","com.intelehealth.tests.CalendarPageTest","com.intelehealth.tests.CalendarPageTest","IDA4_1863_Calendar","IDA4_1863_Calendar_Verify that user can select date from calendar","Verify that user can select date from calendar"
"broken","Fri Jun 05 09:35:07 UTC 2026","Fri Jun 05 09:35:42 UTC 2026","34991","intelehealth Web App Regression Test Suite","Regression Functional Regression Test","com.intelehealth.tests.ChatPageTest","com.intelehealth.tests.ChatPageTest","IDA4_1834_Chat","IDA4_1834_Verify whether healthworker able to reply to doctor message/Check the sent message from doctor by logging into mobile","Verify whether healthworker able to reply to doctor message/Check the sent message from doctor by logging into mobile"
"broken","Fri Jun 05 09:50:13 UTC 2026","Fri Jun 05 09:50:34 UTC 2026","21221","intelehealth Web App Regression Test Suite","Regression Functional Regression Test","com.intelehealth.tests.End2EndTest","com.intelehealth.tests.End2EndTest","IDA4_1671_End2End","IDA4_1671_End2End_Login, priority visit, visit summary, start visit note, share/update/view prescription","Login, priority visit, visit summary, start visit note, share/update/view prescription"
"broken","Fri Jun 05 10:17:26 UTC 2026","Fri Jun 05 10:17:46 UTC 2026","20182","intelehealth Web App Regression Test Suite","Regression Functional Regression Test","com.intelehealth.tests.ForgotUsernamePasswordTest","com.intelehealth.tests.ForgotUsernamePasswordTest","IDA4_1457_ForgotUNPW","IDA4_1457_Verify user entering valid Email ID and clicking Next","Verify user entering valid Email ID and clicking Next"
"broken","Fri Jun 05 11:53:45 UTC 2026","Fri Jun 05 11:54:08 UTC 2026","23221","intelehealth Web App Regression Test Suite","Regression Functional Regression Test","com.intelehealth.tests.AwaitPriortyInProgressTest","com.intelehealth.tests.AwaitPriortyInProgressTest","IDA4_1777_StartVisitNote","IDA4_1777_StartVisitNote_Verify Update prescription functionality","Verify Update prescription functionality"
"broken","Fri Jun 05 12:29:10 UTC 2026","Fri Jun 05 12:29:57 UTC 2026","47692","intelehealth Web App Regression Test Suite","Regression Functional Regression Test","com.intelehealth.tests.CalendarPageTest","com.intelehealth.tests.CalendarPageTest","IDA4_1860_Calendar","IDA4_1860_Calendar_Verify the functionality of Add more months link","Verify the functionality of Add more months link"
"broken","Fri Jun 05 10:15:19 UTC 2026","Fri Jun 05 10:15:40 UTC 2026","20176","intelehealth Web App Regression Test Suite","Regression Functional Regression Test","com.intelehealth.tests.ForgotUsernamePasswordTest","com.intelehealth.tests.ForgotUsernamePasswordTest","IDA4_1444_ForgotUNPW","IDA4_1444_Verify entering mobile number and clicking next","Verify entering mobile number and clicking next"
"broken","Fri Jun 05 12:48:44 UTC 2026","Fri Jun 05 12:49:45 UTC 2026","61231","intelehealth Web App Regression Test Suite","Regression Functional Regression Test","com.intelehealth.tests.CalendarPageTest","com.intelehealth.tests.CalendarPageTest","IDA4_1879_Calendar","IDA4_1879_Calendar_Verify clicking confirm in the popup when clicked on Save under days off section after selecting single date","Verify clicking confirm in the popup when clicked on Save under days off section after selecting single date"
"broken","Fri Jun 05 12:03:47 UTC 2026","Fri Jun 05 12:04:41 UTC 2026","54483","intelehealth Web App Regression Test Suite","Regression Functional Regression Test","com.intelehealth.tests.CalendarPageTest","com.intelehealth.tests.CalendarPageTest","IDA4_1899_Calendar","IDA4_1899_Calendar_Verify user can navigate to visit summary page by clicking  view details link on Appointment details popup","Verify user can navigate to visit summary page by clicking  view details link on Appointment details popup"
"passed","Fri Jun 05 10:41:14 UTC 2026","Fri Jun 05 10:41:25 UTC 2026","10184","intelehealth Web App Regression Test Suite","Regression Functional Regression Test","com.intelehealth.tests.NotificationPageTest","com.intelehealth.tests.NotificationPageTest","IDA4_1513_Notification","Verify Navigate Profile","Verify Notification On"
